contractID,symbol,expiration,strike,type,last,mark,bid,bid_size,ask,ask_size,volume,open_interest,date,implied_volatility,delta,gamma,theta,vega,rho
NU260206C00005000,NU,2026-02-06,5.00,call,12.07,12.07,11.85,1171,12.30,1064,2,250,2026-02-04,8.35614,0.98899,0.00275,-0.07677,0.00037,0.00026
NU260206P00005000,NU,2026-02-06,5.00,put,0.00,0.01,0.00,0,0.05,26,0,0,2026-02-04,6.71715,-0.00334,0.00119,-0.02130,0.00013,-0.00000
NU260206C00007000,NU,2026-02-06,7.00,call,10.52,10.50,9.80,243,11.20,392,4,9,2026-02-04,9.99512,0.94192,0.00922,-0.36615,0.00146,0.00031
NU260206P00007000,NU,2026-02-06,7.00,put,0.00,0.01,0.00,0,0.30,519,0,0,2026-02-04,4.95134,-0.00455,0.00213,-0.02074,0.00017,-0.00000
NU260206C00008000,NU,2026-02-06,8.00,call,9.99,9.50,8.80,1257,10.20,1455,0,251,2026-02-04,8.98051,0.92899,0.01200,-0.38461,0.00171,0.00035
NU260206P00008000,NU,2026-02-06,8.00,put,0.00,0.01,0.00,0,2.12,419,0,0,2026-02-04,4.25868,-0.00534,0.00286,-0.02055,0.00019,-0.00001
NU260206C00009000,NU,2026-02-06,9.00,call,7.75,8.50,7.80,247,9.20,377,0,10,2026-02-04,7.82932,0.91766,0.01540,-0.37537,0.00191,0.00039
NU260206P00009000,NU,2026-02-06,9.00,put,0.00,0.01,0.00,0,1.15,275,0,0,2026-02-04,3.64406,-0.00625,0.00384,-0.02022,0.00022,-0.00001
NU260206C00010000,NU,2026-02-06,10.00,call,7.54,7.60,6.80,243,8.40,384,1,0,2026-02-04,7.24397,0.89621,0.01976,-0.41218,0.00227,0.00042
NU260206P00010000,NU,2026-02-06,10.00,put,0.00,0.01,0.00,0,2.13,230,0,0,2026-02-04,3.08797,-0.00731,0.00520,-0.01968,0.00026,-0.00001
NU260206C00011000,NU,2026-02-06,11.00,call,6.03,6.50,5.80,245,7.20,410,0,5,2026-02-04,5.84888,0.88973,0.02556,-0.34787,0.00237,0.00047
NU260206P00011000,NU,2026-02-06,11.00,put,0.00,0.01,0.00,0,2.13,491,0,0,2026-02-04,2.58067,-0.00862,0.00720,-0.01901,0.00029,-0.00001
NU260206C00011500,NU,2026-02-06,11.50,call,6.47,5.97,5.25,237,6.70,221,0,0,2026-02-04,5.28304,0.88465,0.02923,-0.32460,0.00245,0.00050
NU260206P00011500,NU,2026-02-06,11.50,put,0.00,0.01,0.00,0,2.13,472,0,0,2026-02-04,2.34653,-0.00951,0.00863,-0.01884,0.00032,-0.00001
NU260206C00012000,NU,2026-02-06,12.00,call,6.21,5.50,4.80,1260,6.20,1454,0,251,2026-02-04,4.98061,0.87135,0.03347,-0.33039,0.00265,0.00051
NU260206P00012000,NU,2026-02-06,12.00,put,0.00,0.01,0.00,0,2.13,285,0,0,2026-02-04,2.12214,-0.01060,0.01048,-0.01872,0.00035,-0.00001
NU260206C00012500,NU,2026-02-06,12.50,call,5.71,5.00,4.30,1256,5.70,1500,0,250,2026-02-04,4.56111,0.86073,0.03860,-0.31958,0.00279,0.00053
NU260206P00012500,NU,2026-02-06,12.50,put,0.00,0.01,0.00,0,2.13,410,0,0,2026-02-04,1.89776,-0.01164,0.01272,-0.01816,0.00038,-0.00001
NU260206C00013000,NU,2026-02-06,13.00,call,5.10,4.50,3.80,244,5.20,240,0,0,2026-02-04,4.16112,0.84836,0.04480,-0.30880,0.00296,0.00054
NU260206P00013000,NU,2026-02-06,13.00,put,0.00,0.01,0.00,0,2.13,419,0,0,2026-02-04,1.68313,-0.01299,0.01578,-0.01771,0.00042,-0.00001
NU260206C00013500,NU,2026-02-06,13.50,call,4.62,3.70,3.30,1234,4.10,1418,0,251,2026-02-04,2.66847,0.89845,0.05279,-0.15033,0.00224,0.00064
NU260206P00013500,NU,2026-02-06,13.50,put,0.00,0.01,0.00,0,2.12,437,0,0,2026-02-04,1.47826,-0.01485,0.02016,-0.01746,0.00047,-0.00001
NU260206C00014000,NU,2026-02-06,14.00,call,4.05,3.50,2.81,248,4.20,508,0,3,2026-02-04,3.38065,0.81766,0.06211,-0.28271,0.00333,0.00057
NU260206P00014000,NU,2026-02-06,14.00,put,0.00,0.01,0.00,0,0.75,2202,0,20,2026-02-04,1.27338,-0.01694,0.02620,-0.01683,0.00053,-0.00002
NU260206C00014500,NU,2026-02-06,14.50,call,3.52,3.01,2.27,246,3.75,537,0,2,2026-02-04,3.02944,0.79605,0.07422,-0.27133,0.00357,0.00058
NU260206P00014500,NU,2026-02-06,14.50,put,0.00,0.01,0.00,0,0.75,2273,0,3,2026-02-04,1.06851,-0.01932,0.03493,-0.01579,0.00059,-0.00002
NU260206C00015000,NU,2026-02-06,15.00,call,3.40,2.54,1.82,246,3.25,499,0,1,2026-02-04,2.71725,0.76721,0.08930,-0.26268,0.00385,0.00058
NU260206P00015000,NU,2026-02-06,15.00,put,0.00,0.01,0.00,0,0.34,2264,0,24,2026-02-04,0.87339,-0.02332,0.05010,-0.01512,0.00069,-0.00002
NU260206C00015500,NU,2026-02-06,15.50,call,2.88,2.03,1.31,241,2.75,489,0,4,2026-02-04,2.30750,0.73704,0.11222,-0.23817,0.00411,0.00058
NU260206P00015500,NU,2026-02-06,15.50,put,0.00,0.01,0.00,0,0.62,2375,0,58,2026-02-04,0.67828,-0.02923,0.07791,-0.01417,0.00084,-0.00003
NU260206C00016000,NU,2026-02-06,16.00,call,2.25,1.56,0.87,267,2.24,684,0,20,2026-02-04,1.97581,0.69042,0.14164,-0.22044,0.00444,0.00056
NU260206P00016000,NU,2026-02-06,16.00,put,0.06,0.03,0.01,212,0.05,20,30,547,2026-02-04,0.61974,-0.08466,0.19869,-0.03014,0.00195,-0.00008
NU260206C00016500,NU,2026-02-06,16.50,call,1.06,0.69,0.55,582,0.83,1669,3,111,2026-02-04,0.74657,0.72331,0.35582,-0.07986,0.00422,0.00064
NU260206P00016500,NU,2026-02-06,16.50,put,0.07,0.08,0.06,424,0.10,20,17,866,2026-02-04,0.53194,-0.20818,0.42783,-0.04768,0.00361,-0.00020
NU260206C00017000,NU,2026-02-06,17.00,call,0.31,0.28,0.22,831,0.33,896,72,199,2026-02-04,0.53194,0.52178,0.59439,-0.06760,0.00502,0.00047
NU260206P00017000,NU,2026-02-06,17.00,put,0.23,0.32,0.18,1062,0.46,2610,181,688,2026-02-04,0.65876,-0.47903,0.48001,-0.08182,0.00502,-0.00046
NU260206C00017500,NU,2026-02-06,17.50,call,0.11,0.10,0.06,809,0.14,1980,532,562,2026-02-04,0.54169,0.25188,0.46748,-0.05485,0.00402,0.00023
NU260206P00017500,NU,2026-02-06,17.50,put,0.53,0.58,0.54,347,0.62,228,411,3531,2026-02-04,0.55145,-0.74410,0.46304,-0.05456,0.00405,-0.00073
NU260206C00018000,NU,2026-02-06,18.00,call,0.03,0.03,0.01,153,0.05,842,1258,685,2026-02-04,0.56121,0.09308,0.23547,-0.02958,0.00210,0.00009
NU260206P00018000,NU,2026-02-06,18.00,put,0.97,0.99,0.90,1282,1.08,885,202,3625,2026-02-04,0.46365,-0.94610,0.18741,-0.01428,0.00138,-0.00094
NU260206C00018500,NU,2026-02-06,18.50,call,0.01,0.01,0.00,0,0.02,1,973,837,2026-02-04,0.60999,0.03441,0.09914,-0.01470,0.00096,0.00003
NU260206P00018500,NU,2026-02-06,18.50,put,1.30,1.38,1.08,887,1.68,268,4,89,2026-02-04,0.01488,-1.00000,0.00000,0.00184,0.00000,-0.00101
NU260206C00019000,NU,2026-02-06,19.00,call,0.01,0.02,0.01,10,0.03,1833,150,9982,2026-02-04,0.86364,0.04586,0.08846,-0.02626,0.00121,0.00004
NU260206P00019000,NU,2026-02-06,19.00,put,1.94,1.96,1.71,511,2.20,352,24,53,2026-02-04,0.01488,-1.00000,0.00000,0.00189,0.00000,-0.00104
NU260206C00019500,NU,2026-02-06,19.50,call,0.01,0.01,0.00,0,0.02,1,62,1179,2026-02-04,0.91242,0.02401,0.04914,-0.01627,0.00071,0.00002
NU260206P00019500,NU,2026-02-06,19.50,put,0.00,2.24,1.80,505,2.68,258,0,25,2026-02-04,0.01488,-1.00000,0.00000,0.00194,0.00000,-0.00107
NU260206C00020000,NU,2026-02-06,20.00,call,0.03,0.01,0.00,0,0.01,1,3067,4136,2026-02-04,1.04900,0.02085,0.03796,-0.01661,0.00063,0.00002
NU260206P00020000,NU,2026-02-06,20.00,put,0.00,2.74,2.28,462,3.20,226,0,1,2026-02-04,0.01488,-1.00000,0.00000,0.00199,0.00000,-0.00110
NU260206C00020500,NU,2026-02-06,20.50,call,0.01,0.01,0.00,0,0.75,3008,0,142,2026-02-04,1.18558,0.01906,0.03111,-0.01738,0.00059,0.00002
NU260206P00020500,NU,2026-02-06,20.50,put,0.00,3.24,2.78,235,3.70,280,0,0,2026-02-04,0.01488,-1.00000,0.00000,0.00204,0.00000,-0.00112
NU260206C00021000,NU,2026-02-06,21.00,call,0.01,0.01,0.00,0,0.10,28,0,2,2026-02-04,1.31241,0.01733,0.02592,-0.01774,0.00054,0.00002
NU260206P00021000,NU,2026-02-06,21.00,put,0.00,3.70,3.20,240,4.20,283,0,0,2026-02-04,0.01488,-1.00000,0.00000,0.00209,0.00000,-0.00115
NU260206C00021500,NU,2026-02-06,21.50,call,0.00,0.01,0.00,0,1.55,504,0,0,2026-02-04,1.43923,0.01625,0.02237,-0.01842,0.00051,0.00001
NU260206P00021500,NU,2026-02-06,21.50,put,0.00,4.22,3.70,240,4.75,269,0,0,2026-02-04,0.01488,-1.00000,0.00000,0.00214,0.00000,-0.00118
NU260206C00022000,NU,2026-02-06,22.00,call,0.00,0.01,0.00,0,0.05,31,0,0,2026-02-04,1.55630,0.01506,0.01938,-0.01865,0.00048,0.00001
NU260206P00022000,NU,2026-02-06,22.00,put,0.00,4.70,4.20,241,5.20,255,0,0,2026-02-04,0.01488,-1.00000,0.00000,0.00219,0.00000,-0.00121
NU260206C00022500,NU,2026-02-06,22.50,call,0.00,0.01,0.00,0,0.95,544,0,0,2026-02-04,1.67337,0.01427,0.01721,-0.01914,0.00046,0.00001
NU260206P00022500,NU,2026-02-06,22.50,put,0.00,5.20,4.70,241,5.70,257,0,0,2026-02-04,0.01488,-1.00000,0.00000,0.00224,0.00000,-0.00123
NU260206C00023000,NU,2026-02-06,23.00,call,0.00,0.01,0.00,0,0.05,27,0,0,2026-02-04,1.78069,0.01331,0.01523,-0.01919,0.00043,0.00001
NU260206P00023000,NU,2026-02-06,23.00,put,0.00,5.70,5.20,241,6.20,233,0,0,2026-02-04,0.01488,-1.00000,0.00000,0.00229,0.00000,-0.00126
NU260206C00024000,NU,2026-02-06,24.00,call,0.00,0.01,0.00,0,0.05,33,0,0,2026-02-04,1.99532,0.01217,0.01258,-0.01990,0.00040,0.00001
NU260206P00024000,NU,2026-02-06,24.00,put,0.00,7.50,6.20,183,8.80,170,0,0,2026-02-04,4.50257,-0.80617,0.04843,-0.38746,0.00346,-0.00116
NU260206C00025000,NU,2026-02-06,25.00,call,0.00,0.01,0.00,0,0.05,15,0,0,2026-02-04,2.19043,0.01104,0.01053,-0.02006,0.00037,0.00001
NU260206P00025000,NU,2026-02-06,25.00,put,0.00,8.57,7.20,197,9.95,164,0,0,2026-02-04,5.02939,-0.80124,0.04402,-0.43961,0.00351,-0.00122
NU260213C00005000,NU,2026-02-13,5.00,call,12.47,12.60,11.80,442,13.40,561,3,4,2026-02-04,6.86349,0.95316,0.00534,-0.10012,0.00262,0.00089
NU260213P00005000,NU,2026-02-13,5.00,put,0.00,0.01,0.00,0,2.13,408,0,0,2026-02-04,3.16602,-0.00332,0.00118,-0.00471,0.00027,-0.00002
NU260213C00008000,NU,2026-02-13,8.00,call,9.46,9.18,8.80,450,9.55,554,2,2,2026-02-04,3.13675,0.96253,0.00975,-0.03877,0.00218,0.00178
NU260213P00008000,NU,2026-02-13,8.00,put,0.00,0.01,0.00,0,1.75,474,0,0,2026-02-04,2.00507,-0.00526,0.00282,-0.00450,0.00040,-0.00002
NU260213C00009000,NU,2026-02-13,9.00,call,0.00,8.50,7.80,344,9.20,442,0,0,2026-02-04,3.67333,0.91843,0.01537,-0.08299,0.00403,0.00176
NU260213P00009000,NU,2026-02-13,9.00,put,0.00,0.01,0.00,0,0.95,844,0,0,2026-02-04,1.72215,-0.00630,0.00386,-0.00453,0.00047,-0.00003
NU260213C00010000,NU,2026-02-13,10.00,call,7.88,7.50,6.80,440,8.20,618,0,1,2026-02-04,3.18553,0.90575,0.01974,-0.08026,0.00449,0.00195
NU260213P00010000,NU,2026-02-13,10.00,put,0.00,0.01,0.00,0,0.76,963,0,0,2026-02-04,1.45875,-0.00734,0.00521,-0.00439,0.00054,-0.00003
NU260213C00011000,NU,2026-02-13,11.00,call,6.97,6.50,5.80,895,7.20,1040,0,259,2026-02-04,2.74652,0.89062,0.02551,-0.07723,0.00501,0.00213
NU260213P00011000,NU,2026-02-13,11.00,put,0.00,0.01,0.00,0,0.76,1127,0,0,2026-02-04,1.21485,-0.00847,0.00709,-0.00414,0.00062,-0.00004
NU260213C00012000,NU,2026-02-13,12.00,call,0.00,5.50,4.80,359,6.20,437,0,0,2026-02-04,2.33677,0.87251,0.03342,-0.07334,0.00558,0.00231
NU260213P00012000,NU,2026-02-13,12.00,put,0.00,0.01,0.00,0,0.95,1024,0,0,2026-02-04,1.00022,-0.01046,0.01037,-0.00410,0.00074,-0.00005
NU260213C00012500,NU,2026-02-13,12.50,call,0.00,5.03,4.30,364,5.75,400,0,0,2026-02-04,2.19043,0.85813,0.03836,-0.07400,0.00600,0.00236
NU260213P00012500,NU,2026-02-13,12.50,put,0.00,0.01,0.00,0,0.75,841,0,0,2026-02-04,0.89291,-0.01137,0.01249,-0.00393,0.00080,-0.00005
NU260213C00013000,NU,2026-02-13,13.00,call,0.00,4.55,3.85,347,5.25,439,0,0,2026-02-04,2.02458,0.84359,0.04430,-0.07304,0.00641,0.00242
NU260213P00013000,NU,2026-02-13,13.00,put,0.00,0.01,0.00,0,0.77,873,0,0,2026-02-04,0.79535,-0.01297,0.01572,-0.00392,0.00089,-0.00006
NU260213C00013500,NU,2026-02-13,13.50,call,0.00,4.05,3.35,338,4.75,394,0,0,2026-02-04,1.83922,0.82889,0.05170,-0.07040,0.00679,0.00248
NU260213P00013500,NU,2026-02-13,13.50,put,0.00,0.01,0.00,0,0.75,1042,0,0,2026-02-04,0.69779,-0.01472,0.01998,-0.00383,0.00100,-0.00006
NU260213C00014000,NU,2026-02-13,14.00,call,4.12,3.56,2.87,1234,4.25,1529,0,590,2026-02-04,1.66362,0.81105,0.06082,-0.06782,0.00723,0.00253
NU260213P00014000,NU,2026-02-13,14.00,put,0.00,0.01,0.00,0,0.58,1511,0,101,2026-02-04,0.60023,-0.01662,0.02578,-0.00366,0.00111,-0.00007
NU260213C00014500,NU,2026-02-13,14.50,call,3.95,3.08,2.37,340,3.80,572,0,2,2026-02-04,1.50752,0.78787,0.07196,-0.06592,0.00775,0.00255
NU260213P00014500,NU,2026-02-13,14.50,put,0.00,0.01,0.00,0,0.59,943,0,69,2026-02-04,0.50267,-0.01872,0.03407,-0.00338,0.00122,-0.00008
NU260213C00015000,NU,2026-02-13,15.00,call,3.07,2.61,1.87,345,3.35,646,0,6,2026-02-04,1.36119,0.75871,0.08570,-0.06404,0.00833,0.00254
NU260213P00015000,NU,2026-02-13,15.00,put,0.00,0.05,0.02,517,0.07,333,0,70,2026-02-04,0.57096,-0.07160,0.08953,-0.01146,0.00365,-0.00031
NU260213C00015500,NU,2026-02-13,15.50,call,3.00,1.60,0.44,1272,2.77,1371,0,6,2026-02-04,0.49292,0.89597,0.13710,-0.01458,0.00483,0.00337
NU260213P00015500,NU,2026-02-13,15.50,put,0.07,0.06,0.05,375,0.07,1,44,30,2026-02-04,0.47340,-0.09549,0.13410,-0.01176,0.00453,-0.00042
NU260213C00016000,NU,2026-02-13,16.00,call,1.20,1.18,0.97,1643,1.39,1532,1,74,2026-02-04,0.48316,0.80630,0.21265,-0.02095,0.00734,0.00309
NU260213P00016000,NU,2026-02-13,16.00,put,0.15,0.14,0.10,97,0.18,804,4,159,2026-02-04,0.48316,-0.19370,0.21265,-0.01936,0.00734,-0.00085
NU260213C00016500,NU,2026-02-13,16.50,call,2.10,0.77,0.73,117,0.82,226,0,78,2026-02-04,0.43438,0.69223,0.30293,-0.02378,0.00940,0.00271
NU260213P00016500,NU,2026-02-13,16.50,put,0.20,0.24,0.19,1880,0.28,327,163,503,2026-02-04,0.43438,-0.30777,0.30293,-0.02214,0.00940,-0.00135
NU260213C00017000,NU,2026-02-13,17.00,call,0.51,0.45,0.41,906,0.50,207,55,64,2026-02-04,0.40511,0.52567,0.36771,-0.02479,0.01064,0.00210
NU260213P00017000,NU,2026-02-13,17.00,put,0.40,0.42,0.39,336,0.45,10,80,195,2026-02-04,0.41487,-0.47433,0.35906,-0.02368,0.01064,-0.00210
NU260213C00017500,NU,2026-02-13,17.50,call,0.26,0.24,0.21,868,0.28,257,291,87,2026-02-04,0.40511,0.34779,0.34131,-0.02279,0.00988,0.00140
NU260213P00017500,NU,2026-02-13,17.50,put,0.66,0.71,0.67,419,0.75,13,482,263,2026-02-04,0.40511,-0.65221,0.34131,-0.02105,0.00988,-0.00291
NU260213C00018000,NU,2026-02-13,18.00,call,0.15,0.14,0.11,10,0.16,862,3435,213,2026-02-04,0.43438,0.21962,0.25480,-0.01944,0.00791,0.00089
NU260213P00018000,NU,2026-02-13,18.00,put,1.10,1.06,0.96,1735,1.16,514,59,410,2026-02-04,0.37584,-0.81696,0.26398,-0.01330,0.00709,-0.00369
NU260213C00018500,NU,2026-02-13,18.50,call,0.07,0.07,0.05,20,0.09,216,244,293,2026-02-04,0.44414,0.12552,0.17392,-0.01382,0.00552,0.00051
NU260213P00018500,NU,2026-02-13,18.50,put,1.39,1.46,1.20,1741,1.72,1147,8,300,2026-02-04,0.01488,-1.00000,0.00000,0.00184,0.00000,-0.00456
NU260213C00019000,NU,2026-02-13,19.00,call,0.04,0.11,0.02,51,0.21,2508,343,802,2026-02-04,0.60999,0.13749,0.13486,-0.02013,0.00588,0.00055
NU260213P00019000,NU,2026-02-13,19.00,put,1.40,1.57,0.84,673,2.31,473,5,72,2026-02-04,0.01488,-1.00000,0.00000,0.00189,0.00000,-0.00468
NU260213C00019500,NU,2026-02-13,19.50,call,0.08,0.01,0.00,0,0.27,3677,6,179,2026-02-04,0.42462,0.02312,0.04822,-0.00349,0.00146,0.00009
NU260213P00019500,NU,2026-02-13,19.50,put,0.00,2.33,1.77,269,2.88,206,0,0,2026-02-04,0.01488,-1.00000,0.00000,0.00194,0.00000,-0.00480
NU260213C00020000,NU,2026-02-13,20.00,call,0.04,0.01,0.00,0,0.29,3887,0,460,2026-02-04,0.49292,0.02097,0.03825,-0.00372,0.00135,0.00009
NU260213P00020000,NU,2026-02-13,20.00,put,0.00,3.24,2.27,292,4.20,194,0,0,2026-02-04,1.06851,-0.80849,0.09549,-0.04157,0.00729,-0.00419
NU260213C00020500,NU,2026-02-13,20.50,call,0.05,0.01,0.00,0,0.50,1309,0,64,2026-02-04,0.56121,0.01985,0.03208,-0.00404,0.00129,0.00008
NU260213P00020500,NU,2026-02-13,20.50,put,0.00,3.31,2.77,268,3.85,237,0,0,2026-02-04,0.01488,-1.00000,0.00000,0.00204,0.00000,-0.00505
NU260213C00021000,NU,2026-02-13,21.00,call,0.04,0.01,0.00,0,0.57,1696,0,166,2026-02-04,0.61974,0.01780,0.02648,-0.00406,0.00117,0.00007
NU260213P00021000,NU,2026-02-13,21.00,put,0.00,3.75,3.20,268,4.30,256,0,0,2026-02-04,0.01488,-1.00000,0.00000,0.00209,0.00000,-0.00517
NU260213C00021500,NU,2026-02-13,21.50,call,0.05,0.01,0.00,0,0.75,1149,0,60,2026-02-04,0.67828,0.01650,0.02267,-0.00416,0.00110,0.00007
NU260213P00021500,NU,2026-02-13,21.50,put,0.00,4.30,3.70,524,4.90,484,0,1,2026-02-04,0.01488,-1.00000,0.00000,0.00214,0.00000,-0.00530
NU260213C00022000,NU,2026-02-13,22.00,call,0.00,0.01,0.00,0,0.76,1124,0,0,2026-02-04,0.72706,0.01451,0.01895,-0.00400,0.00098,0.00006
NU260213P00022000,NU,2026-02-13,22.00,put,0.00,4.80,4.20,268,5.40,233,0,0,2026-02-04,0.01488,-1.00000,0.00000,0.00219,0.00000,-0.00542
NU260213C00022500,NU,2026-02-13,22.50,call,0.00,0.01,0.00,0,0.76,1076,0,0,2026-02-04,0.78559,0.01413,0.01713,-0.00422,0.00096,0.00006
NU260213P00022500,NU,2026-02-13,22.50,put,0.00,5.28,4.70,265,5.85,303,0,0,2026-02-04,0.01488,-1.00000,0.00000,0.00224,0.00000,-0.00554
NU260213C00023000,NU,2026-02-13,23.00,call,0.00,0.01,0.00,0,0.76,1215,0,0,2026-02-04,0.83437,0.01301,0.01502,-0.00417,0.00090,0.00005
NU260213P00023000,NU,2026-02-13,23.00,put,0.00,5.80,5.20,280,6.40,241,0,0,2026-02-04,0.01488,-1.00000,0.00000,0.00229,0.00000,-0.00567
NU260213C00024000,NU,2026-02-13,24.00,call,0.00,0.01,0.00,0,0.95,836,0,0,2026-02-04,0.94168,0.01241,0.01278,-0.00452,0.00086,0.00005
NU260213P00024000,NU,2026-02-13,24.00,put,0.00,6.78,6.20,262,7.35,248,0,0,2026-02-04,0.01488,-1.00000,0.00000,0.00239,0.00000,-0.00591
NU260213C00025000,NU,2026-02-13,25.00,call,0.03,0.01,0.00,0,0.02,1,0,2,2026-02-04,1.02949,0.01095,0.01049,-0.00443,0.00077,0.00004
NU260213P00025000,NU,2026-02-13,25.00,put,0.00,7.80,7.20,265,8.40,237,0,0,2026-02-04,0.01488,-1.00000,0.00000,0.00249,0.00000,-0.00616
NU260220C00001000,NU,2026-02-20,1.00,call,15.87,16.40,15.80,480,17.00,503,6,30,2026-02-04,9.99512,0.99184,0.00063,-0.02490,0.00080,0.00027
NU260220P00001000,NU,2026-02-20,1.00,put,0.00,0.01,0.00,0,0.01,20,0,1,2026-02-04,5.54645,-0.00125,0.00021,-0.00255,0.00015,-0.00001
NU260220C00002000,NU,2026-02-20,2.00,call,0.00,15.18,14.55,398,15.80,397,0,0,2026-02-04,6.42448,0.98826,0.00134,-0.02208,0.00109,0.00072
NU260220P00002000,NU,2026-02-20,2.00,put,0.00,0.01,0.00,0,0.01,10,0,0,2026-02-04,4.13185,-0.00181,0.00039,-0.00266,0.00021,-0.00002
NU260220C00003000,NU,2026-02-20,3.00,call,0.00,14.18,13.55,398,14.80,401,0,0,2026-02-04,5.13670,0.98435,0.00215,-0.02273,0.00140,0.00113
NU260220P00003000,NU,2026-02-20,3.00,put,0.00,0.01,0.00,0,0.01,7,0,0,2026-02-04,3.34163,-0.00231,0.00061,-0.00268,0.00026,-0.00002
NU260220C00004000,NU,2026-02-20,4.00,call,0.00,13.20,12.55,398,13.85,402,0,0,2026-02-04,4.39526,0.97910,0.00321,-0.02495,0.00179,0.00152
NU260220P00004000,NU,2026-02-20,4.00,put,0.00,0.01,0.00,0,0.18,952,0,0,2026-02-04,2.79530,-0.00281,0.00086,-0.00268,0.00031,-0.00003
NU260220C00005000,NU,2026-02-20,5.00,call,13.32,12.20,11.55,398,12.85,397,0,0,2026-02-04,3.74162,0.97485,0.00441,-0.02491,0.00209,0.00193
NU260220P00005000,NU,2026-02-20,5.00,put,0.00,0.01,0.00,0,0.24,1001,0,0,2026-02-04,2.37580,-0.00332,0.00118,-0.00264,0.00036,-0.00003
NU260220C00006000,NU,2026-02-20,6.00,call,10.56,11.20,10.55,584,11.85,644,0,1,2026-02-04,3.21480,0.97048,0.00586,-0.02456,0.00239,0.00233
NU260220P00006000,NU,2026-02-20,6.00,put,0.00,0.01,0.00,0,0.24,964,0,0,2026-02-04,2.03434,-0.00385,0.00158,-0.00259,0.00041,-0.00003
NU260220C00007000,NU,2026-02-20,7.00,call,9.87,10.27,9.70,596,10.85,636,0,1,2026-02-04,3.01968,0.95764,0.00839,-0.03096,0.00322,0.00264
NU260220P00007000,NU,2026-02-20,7.00,put,0.00,0.01,0.00,0,0.24,955,0,0,2026-02-04,1.75142,-0.00452,0.00212,-0.00257,0.00047,-0.00004
NU260220C00008000,NU,2026-02-20,8.00,call,8.82,9.23,8.65,614,9.80,637,0,3,2026-02-04,2.50262,0.95598,0.01044,-0.02665,0.00332,0.00309
NU260220P00008000,NU,2026-02-20,8.00,put,0.00,0.01,0.00,0,0.24,951,0,0,2026-02-04,1.50752,-0.00531,0.00284,-0.00255,0.00054,-0.00004
NU260220C00009000,NU,2026-02-20,9.00,call,7.70,8.32,7.80,499,8.85,526,0,22,2026-02-04,2.37580,0.93734,0.01455,-0.03336,0.00439,0.00335
NU260220P00009000,NU,2026-02-20,9.00,put,0.00,0.01,0.00,0,0.23,787,0,5,2026-02-04,1.29290,-0.00630,0.00385,-0.00254,0.00063,-0.00005
NU260220C00010000,NU,2026-02-20,10.00,call,8.65,7.30,6.80,789,7.80,856,0,56,2026-02-04,2.01483,0.92994,0.01871,-0.03099,0.00479,0.00374
NU260220P00010000,NU,2026-02-20,10.00,put,0.00,0.01,0.00,0,0.05,951,0,9,2026-02-04,1.09778,-0.00743,0.00525,-0.00250,0.00073,-0.00006
NU260220C00011000,NU,2026-02-20,11.00,call,7.52,6.32,5.85,604,6.80,926,0,27,2026-02-04,1.75142,0.91591,0.02473,-0.03103,0.00550,0.00406
NU260220P00011000,NU,2026-02-20,11.00,put,0.00,0.01,0.00,0,0.04,754,0,16,2026-02-04,0.91242,-0.00845,0.00708,-0.00232,0.00082,-0.00007
NU260220C00011500,NU,2026-02-20,11.50,call,0.00,5.85,5.35,458,6.35,638,0,0,2026-02-04,1.66362,0.90393,0.02875,-0.03252,0.00607,0.00418
NU260220P00011500,NU,2026-02-20,11.50,put,0.00,0.01,0.00,0,0.04,769,0,0,2026-02-04,0.83437,-0.00962,0.00867,-0.00238,0.00092,-0.00008
NU260220C00012000,NU,2026-02-20,12.00,call,4.75,5.20,4.85,1150,5.55,1276,0,462,2026-02-04,1.26363,0.92776,0.03055,-0.02041,0.00490,0.00464
NU260220P00012000,NU,2026-02-20,12.00,put,0.00,0.01,0.00,0,0.04,1865,0,2046,2026-02-04,0.74657,-0.01006,0.01007,-0.00221,0.00095,-0.00008
NU260220C00012500,NU,2026-02-20,12.50,call,0.00,4.85,4.35,453,5.35,600,0,0,2026-02-04,1.39045,0.88711,0.03866,-0.03068,0.00683,0.00449
NU260220P00012500,NU,2026-02-20,12.50,put,0.00,0.01,0.00,0,0.04,2610,0,0,2026-02-04,0.66852,-0.01111,0.01226,-0.00215,0.00104,-0.00009
NU260220C00013000,NU,2026-02-20,13.00,call,3.97,4.05,3.95,1188,4.15,1122,2,159,2026-02-04,0.59047,0.98791,0.01494,-0.00334,0.00112,0.00560
NU260220P00013000,NU,2026-02-20,13.00,put,0.00,0.01,0.00,0,0.05,4744,0,3636,2026-02-04,0.60023,-0.01322,0.01588,-0.00225,0.00121,-0.00010
NU260220C00013500,NU,2026-02-20,13.50,call,4.75,3.65,3.40,478,3.90,713,0,1,2026-02-04,0.82461,0.92472,0.04831,-0.01424,0.00506,0.00530
NU260220P00013500,NU,2026-02-20,13.50,put,0.00,0.01,0.00,0,0.06,3054,0,1,2026-02-04,0.52218,-0.01432,0.01955,-0.00209,0.00130,-0.00011
NU260220C00014000,NU,2026-02-20,14.00,call,3.20,3.15,3.00,1011,3.30,1880,3,267,2026-02-04,0.72706,0.91462,0.06026,-0.01388,0.00556,0.00544
NU260220P00014000,NU,2026-02-20,14.00,put,0.04,0.03,0.01,1571,0.05,2069,7,4486,2026-02-04,0.54169,-0.03648,0.04141,-0.00476,0.00285,-0.00028
NU260220C00014500,NU,2026-02-20,14.50,call,4.36,2.66,2.42,491,2.90,671,0,2,2026-02-04,0.63925,0.89904,0.07758,-0.01384,0.00630,0.00554
NU260220P00014500,NU,2026-02-20,14.50,put,0.00,0.05,0.02,2028,0.08,1651,0,1,2026-02-04,0.51243,-0.05913,0.06450,-0.00662,0.00420,-0.00046
NU260220C00015000,NU,2026-02-20,15.00,call,2.25,2.19,1.98,1614,2.40,2192,50,547,2026-02-04,0.58072,0.86715,0.10377,-0.01514,0.00765,0.00551
NU260220P00015000,NU,2026-02-20,15.00,put,0.08,0.08,0.05,1914,0.10,1386,10,4575,2026-02-04,0.48316,-0.09421,0.09757,-0.00887,0.00599,-0.00074
NU260220C00015500,NU,2026-02-20,15.50,call,2.91,1.66,1.61,478,1.71,226,0,3,2026-02-04,0.43438,0.86250,0.14204,-0.01193,0.00783,0.00571
NU260220P00015500,NU,2026-02-20,15.50,put,0.11,0.12,0.09,1867,0.15,273,1,48,2026-02-04,0.44414,-0.14238,0.14225,-0.01088,0.00802,-0.00111
NU260220C00016000,NU,2026-02-20,16.00,call,1.28,1.25,1.20,1186,1.29,187,4,1628,2026-02-04,0.42462,0.77564,0.19789,-0.01535,0.01067,0.00524
NU260220P00016000,NU,2026-02-20,16.00,put,0.18,0.20,0.18,1406,0.21,1,47,3320,2026-02-04,0.42462,-0.22436,0.19789,-0.01376,0.01067,-0.00176
NU260220C00016500,NU,2026-02-20,16.50,call,0.96,0.89,0.85,250,0.92,481,5,62,2026-02-04,0.41487,0.66240,0.24717,-0.01792,0.01302,0.00455
NU260220P00016500,NU,2026-02-20,16.50,put,0.33,0.34,0.31,583,0.37,837,52,343,2026-02-04,0.40511,-0.33467,0.25227,-0.01583,0.01298,-0.00264
NU260220C00017000,NU,2026-02-20,17.00,call,0.58,0.58,0.56,1,0.60,118,4420,20575,2026-02-04,0.39536,0.52984,0.28238,-0.01836,0.01418,0.00370
NU260220P00017000,NU,2026-02-20,17.00,put,0.54,0.54,0.51,175,0.57,511,412,11442,2026-02-04,0.39536,-0.47016,0.28238,-0.01666,0.01418,-0.00374
NU260220C00017500,NU,2026-02-20,17.50,call,0.39,0.35,0.32,979,0.39,654,177,16249,2026-02-04,0.37584,0.38445,0.28529,-0.01661,0.01362,0.00272
NU260220P00017500,NU,2026-02-20,17.50,put,0.80,0.81,0.79,105,0.84,124,604,1848,2026-02-04,0.38560,-0.61193,0.27883,-0.01533,0.01365,-0.00492
NU260220C00018000,NU,2026-02-20,18.00,call,0.22,0.22,0.20,1,0.23,370,608,15078,2026-02-04,0.39536,0.26906,0.23428,-0.01497,0.01176,0.00191
NU260220P00018000,NU,2026-02-20,18.00,put,1.06,1.17,1.13,343,1.21,361,384,11293,2026-02-04,0.39536,-0.73094,0.23428,-0.01317,0.01176,-0.00597
NU260220C00018500,NU,2026-02-20,18.50,call,0.13,0.13,0.10,762,0.16,961,216,6303,2026-02-04,0.40511,0.17831,0.18069,-0.01206,0.00930,0.00127
NU260220P00018500,NU,2026-02-20,18.50,put,1.55,1.58,1.54,397,1.63,353,396,1040,2026-02-04,0.40511,-0.82169,0.18069,-0.01021,0.00930,-0.00683
NU260220C00019000,NU,2026-02-20,19.00,call,0.08,0.08,0.05,1171,0.10,544,6739,22856,2026-02-04,0.41487,0.11407,0.13054,-0.00910,0.00688,0.00082
NU260220P00019000,NU,2026-02-20,19.00,put,1.83,2.02,1.95,937,2.10,442,1,206,2026-02-04,0.40511,-0.89182,0.12870,-0.00667,0.00662,-0.00754
NU260220C00019500,NU,2026-02-20,19.50,call,0.05,0.05,0.02,1332,0.08,2760,24,1185,2026-02-04,0.43438,0.07598,0.09236,-0.00704,0.00509,0.00054
NU260220P00019500,NU,2026-02-20,19.50,put,2.38,2.44,2.23,510,2.64,268,5,0,2026-02-04,0.01488,-1.00000,0.00000,0.00194,0.00000,-0.00853
NU260220C00020000,NU,2026-02-20,20.00,call,0.04,0.01,0.00,0,0.05,2773,105,13825,2026-02-04,0.36609,0.02039,0.03772,-0.00204,0.00175,0.00015
NU260220P00020000,NU,2026-02-20,20.00,put,0.00,2.97,2.84,392,3.10,275,0,63,2026-02-04,0.41487,-0.96373,0.05382,-0.00174,0.00284,-0.00849
NU260220C00020500,NU,2026-02-20,20.50,call,0.07,0.01,0.00,0,0.06,3712,0,610,2026-02-04,0.41487,0.01876,0.03102,-0.00215,0.00163,0.00014
NU260220P00020500,NU,2026-02-20,20.50,put,0.00,3.42,3.15,496,3.70,375,0,1,2026-02-04,0.01488,-1.00000,0.00000,0.00204,0.00000,-0.00897
NU260220C00021000,NU,2026-02-20,21.00,call,0.03,0.01,0.00,0,0.05,4457,1,2014,2026-02-04,0.46365,0.01788,0.02664,-0.00230,0.00157,0.00013
NU260220P00021000,NU,2026-02-20,21.00,put,0.00,3.95,3.70,676,4.20,487,0,2,2026-02-04,0.40511,-0.99216,0.01492,0.00111,0.00077,-0.00913
NU260220C00021500,NU,2026-02-20,21.50,call,0.04,0.01,0.00,0,0.05,3054,0,2,2026-02-04,0.50267,0.01568,0.02196,-0.00223,0.00140,0.00011
NU260220P00021500,NU,2026-02-20,21.50,put,0.00,4.20,3.70,333,4.70,297,0,0,2026-02-04,0.01488,-1.00000,0.00000,0.00214,0.00000,-0.00941
NU260220C00022000,NU,2026-02-20,22.00,call,0.02,0.01,0.00,0,0.04,3363,0,380,2026-02-04,0.55145,0.01572,0.02007,-0.00245,0.00141,0.00011
NU260220P00022000,NU,2026-02-20,22.00,put,0.00,4.78,4.35,163,5.20,202,0,0,2026-02-04,0.01488,-1.00000,0.00000,0.00219,0.00000,-0.00963
NU260220C00022500,NU,2026-02-20,22.50,call,0.00,0.01,0.00,0,0.04,843,0,0,2026-02-04,0.59047,0.01451,0.01750,-0.00244,0.00131,0.00010
NU260220P00022500,NU,2026-02-20,22.50,put,0.00,5.28,4.85,356,5.70,388,0,1,2026-02-04,0.01488,-1.00000,0.00000,0.00224,0.00000,-0.00985
NU260220C00023000,NU,2026-02-20,23.00,call,0.03,0.01,0.00,0,0.03,2476,0,46,2026-02-04,0.62950,0.01367,0.01559,-0.00247,0.00125,0.00010
NU260220P00023000,NU,2026-02-20,23.00,put,0.00,5.75,5.30,358,6.20,375,0,1,2026-02-04,0.01488,-1.00000,0.00000,0.00229,0.00000,-0.01007
NU260220C00024000,NU,2026-02-20,24.00,call,0.01,0.01,0.00,0,0.04,1226,0,153,2026-02-04,0.69779,0.01165,0.01225,-0.00238,0.00109,0.00008
NU260220P00024000,NU,2026-02-20,24.00,put,0.00,6.75,6.30,165,7.20,187,0,0,2026-02-04,0.01488,-1.00000,0.00000,0.00239,0.00000,-0.01050
NU260220C00025000,NU,2026-02-20,25.00,call,0.02,0.01,0.00,0,0.03,2338,0,33,2026-02-04,0.77583,0.01142,0.01083,-0.00260,0.00107,0.00008
NU260220P00025000,NU,2026-02-20,25.00,put,0.00,7.65,7.10,165,8.20,187,0,0,2026-02-04,0.01488,-1.00000,0.00000,0.00249,0.00000,-0.01094
NU260220C00026000,NU,2026-02-20,26.00,call,0.01,0.01,0.00,0,0.23,2334,0,17,2026-02-04,0.84413,0.01072,0.00942,-0.00268,0.00101,0.00008
NU260220P00026000,NU,2026-02-20,26.00,put,0.00,8.68,8.10,163,9.25,191,0,0,2026-02-04,0.01488,-1.00000,0.00000,0.00259,0.00000,-0.01138
NU260220C00027000,NU,2026-02-20,27.00,call,0.01,0.01,0.00,0,0.24,2094,0,11,2026-02-04,0.90266,0.00968,0.00805,-0.00262,0.00092,0.00007
NU260220P00027000,NU,2026-02-20,27.00,put,0.00,9.68,9.10,164,10.25,191,0,0,2026-02-04,0.01488,-1.00000,0.00000,0.00269,0.00000,-0.01182
NU260220C00028000,NU,2026-02-20,28.00,call,0.04,0.01,0.00,0,0.24,2136,0,13,2026-02-04,0.96120,0.00901,0.00710,-0.00262,0.00087,0.00006
NU260220P00028000,NU,2026-02-20,28.00,put,0.00,10.78,10.30,181,11.25,191,0,0,2026-02-04,0.01488,-1.00000,0.00000,0.00279,0.00000,-0.01225
NU260220C00029000,NU,2026-02-20,29.00,call,0.01,0.01,0.00,0,0.24,2269,0,2,2026-02-04,1.01973,0.00861,0.00644,-0.00267,0.00083,0.00006
NU260220P00029000,NU,2026-02-20,29.00,put,0.00,11.77,11.10,181,12.45,208,0,0,2026-02-04,0.01488,-1.00000,0.00000,0.00289,0.00000,-0.01269
NU260220C00030000,NU,2026-02-20,30.00,call,0.02,0.01,0.00,0,0.24,2123,0,32,2026-02-04,1.07827,0.00841,0.00596,-0.00276,0.00082,0.00006
NU260220P00030000,NU,2026-02-20,30.00,put,0.00,12.70,12.10,182,13.30,195,0,0,2026-02-04,0.01488,-1.00000,0.00000,0.00299,0.00000,-0.01313
NU260220C00031000,NU,2026-02-20,31.00,call,0.02,0.01,0.00,0,0.24,2015,0,1,2026-02-04,1.12705,0.00784,0.00536,-0.00272,0.00077,0.00005
NU260220P00031000,NU,2026-02-20,31.00,put,0.00,13.82,13.35,182,14.30,195,0,0,2026-02-04,0.01488,-1.00000,0.00000,0.00309,0.00000,-0.01357
NU260227C00005000,NU,2026-02-27,5.00,call,0.00,12.62,11.80,320,13.45,280,0,0,2026-02-04,4.32697,0.95283,0.00532,-0.03992,0.00421,0.00227
NU260227P00005000,NU,2026-02-27,5.00,put,0.00,0.01,0.00,0,0.03,4,0,0,2026-02-04,1.98556,-0.00335,0.00119,-0.00186,0.00043,-0.00004
NU260227C00008000,NU,2026-02-27,8.00,call,0.00,9.65,8.80,320,10.50,299,0,0,2026-02-04,2.87334,0.92080,0.01202,-0.03997,0.00630,0.00380
NU260227P00008000,NU,2026-02-27,8.00,put,0.00,0.01,0.00,0,1.35,352,0,0,2026-02-04,1.25387,-0.00519,0.00279,-0.00173,0.00064,-0.00006
NU260227C00009000,NU,2026-02-27,9.00,call,0.00,8.65,7.80,322,9.50,272,0,0,2026-02-04,2.50262,0.90857,0.01537,-0.03887,0.00702,0.00430
NU260227P00009000,NU,2026-02-27,9.00,put,0.00,0.01,0.00,0,0.75,439,0,0,2026-02-04,1.07827,-0.00625,0.00383,-0.00175,0.00075,-0.00007
NU260227C00010000,NU,2026-02-27,10.00,call,0.00,7.65,6.80,340,8.50,288,0,0,2026-02-04,2.18068,0.89424,0.01962,-0.03778,0.00781,0.00477
NU260227P00010000,NU,2026-02-27,10.00,put,0.00,0.01,0.00,0,0.75,427,0,0,2026-02-04,0.91242,-0.00721,0.00513,-0.00168,0.00086,-0.00008
NU260227C00011000,NU,2026-02-27,11.00,call,6.88,6.65,5.80,324,7.50,303,0,8,2026-02-04,1.87825,0.87827,0.02518,-0.03608,0.00863,0.00523
NU260227P00011000,NU,2026-02-27,11.00,put,0.00,0.01,0.00,0,0.75,453,0,0,2026-02-04,0.76608,-0.00871,0.00721,-0.00166,0.00101,-0.00010
NU260227C00012000,NU,2026-02-27,12.00,call,0.00,5.70,4.85,338,6.55,276,0,0,2026-02-04,1.66362,0.85341,0.03230,-0.03636,0.00981,0.00556
NU260227P00012000,NU,2026-02-27,12.00,put,0.00,0.01,0.00,0,0.75,322,0,0,2026-02-04,0.62950,-0.01058,0.01041,-0.00162,0.00120,-0.00012
NU260227C00012500,NU,2026-02-27,12.50,call,0.00,5.10,4.35,339,5.85,281,0,0,2026-02-04,1.42948,0.85222,0.03780,-0.03159,0.00986,0.00593
NU260227P00012500,NU,2026-02-27,12.50,put,0.00,0.01,0.00,0,0.75,332,0,0,2026-02-04,0.56121,-0.01137,0.01243,-0.00153,0.00127,-0.00013
NU260227C00013000,NU,2026-02-27,13.00,call,5.60,4.60,3.85,557,5.35,701,0,80,2026-02-04,1.30265,0.84001,0.04372,-0.03040,0.01040,0.00611
NU260227P00013000,NU,2026-02-27,13.00,put,0.00,0.01,0.00,0,1.15,312,0,2,2026-02-04,0.50267,-0.01333,0.01592,-0.00157,0.00146,-0.00015
NU260227C00013500,NU,2026-02-27,13.50,call,5.45,4.17,3.40,337,4.95,299,0,1,2026-02-04,1.24412,0.81737,0.04982,-0.03157,0.01131,0.00614
NU260227P00013500,NU,2026-02-27,13.50,put,0.00,0.01,0.00,0,0.76,290,0,0,2026-02-04,0.43438,-0.01389,0.01910,-0.00141,0.00151,-0.00015
NU260227C00014000,NU,2026-02-27,14.00,call,2.87,3.65,2.96,1972,4.35,1319,0,2460,2026-02-04,1.10753,0.80229,0.05875,-0.02960,0.01188,0.00630
NU260227P00014000,NU,2026-02-27,14.00,put,0.00,0.52,0.08,118,0.95,266,0,5,2026-02-04,1.03924,-0.18727,0.06057,-0.02559,0.01149,-0.00234
NU260227C00014500,NU,2026-02-27,14.50,call,4.27,3.15,2.45,340,3.85,430,0,1,2026-02-04,0.99046,0.78172,0.06965,-0.02813,0.01259,0.00640
NU260227P00014500,NU,2026-02-27,14.50,put,0.00,0.20,0.13,586,0.26,951,0,13,2026-02-04,0.63925,-0.13717,0.08037,-0.01278,0.00938,-0.00160
NU260227C00015000,NU,2026-02-27,15.00,call,3.40,2.75,2.10,1585,3.40,1059,0,2,2026-02-04,0.94168,0.74613,0.07963,-0.02901,0.01369,0.00627
NU260227P00015000,NU,2026-02-27,15.00,put,0.00,0.26,0.19,1332,0.32,810,0,43,2026-02-04,0.60023,-0.17643,0.10104,-0.01412,0.01107,-0.00206
NU260227C00015500,NU,2026-02-27,15.50,call,3.15,2.30,1.69,1851,2.92,1069,0,25,2026-02-04,0.85388,0.71032,0.09378,-0.02811,0.01462,0.00617
NU260227P00015500,NU,2026-02-27,15.50,put,0.32,0.35,0.28,906,0.42,67,52,115,2026-02-04,0.57096,-0.22954,0.12434,-0.01566,0.01296,-0.00268
NU260227C00016000,NU,2026-02-27,16.00,call,2.23,1.52,1.43,16,1.62,73,0,91,2026-02-04,0.54169,0.70517,0.14904,-0.01840,0.01474,0.00661
NU260227P00016000,NU,2026-02-27,16.00,put,0.42,0.50,0.40,855,0.60,352,5,146,2026-02-04,0.57096,-0.30193,0.14294,-0.01793,0.01490,-0.00356
NU260227C00016500,NU,2026-02-27,16.50,call,1.30,1.19,1.07,7,1.31,345,1,31,2026-02-04,0.53194,0.62412,0.16697,-0.01969,0.01621,0.00594
NU260227P00016500,NU,2026-02-27,16.50,put,0.71,0.62,0.59,1,0.66,575,12,246,2026-02-04,0.52218,-0.37458,0.16991,-0.01769,0.01620,-0.00441
NU260227C00017000,NU,2026-02-27,17.00,call,0.95,0.78,0.63,526,0.94,152,137,79,2026-02-04,0.44414,0.53461,0.20945,-0.01722,0.01698,0.00524
NU260227P00017000,NU,2026-02-27,17.00,put,0.80,0.84,0.76,80,0.92,154,9,253,2026-02-04,0.51243,-0.46363,0.18146,-0.01804,0.01697,-0.00550
NU260227C00017500,NU,2026-02-27,17.50,call,0.70,0.64,0.58,39,0.69,101,28,192,2026-02-04,0.48316,0.44048,0.19111,-0.01839,0.01685,0.00433
NU260227P00017500,NU,2026-02-27,17.50,put,0.64,1.11,1.03,2,1.19,402,1,58,2026-02-04,0.50267,-0.55533,0.18397,-0.01739,0.01688,-0.00665
NU260227C00018000,NU,2026-02-27,18.00,call,0.48,0.54,0.45,1,0.62,2550,22,280,2026-02-04,0.53194,0.36870,0.16594,-0.01921,0.01611,0.00362
NU260227P00018000,NU,2026-02-27,18.00,put,1.41,1.43,1.36,191,1.49,171,3,164,2026-02-04,0.50267,-0.64147,0.17395,-0.01621,0.01596,-0.00778
NU260227C00018500,NU,2026-02-27,18.50,call,0.44,0.37,0.29,196,0.45,2118,16,592,2026-02-04,0.51243,0.28567,0.15525,-0.01662,0.01452,0.00283
NU260227P00018500,NU,2026-02-27,18.50,put,1.17,1.82,1.74,93,1.91,466,1,14,2026-02-04,0.52218,-0.70989,0.15346,-0.01522,0.01463,-0.00876
NU260227C00019000,NU,2026-02-27,19.00,call,0.29,0.27,0.23,2,0.30,932,44,1156,2026-02-04,0.52218,0.22467,0.13432,-0.01489,0.01280,0.00224
NU260227P00019000,NU,2026-02-27,19.00,put,0.00,1.67,0.99,2068,2.34,1097,0,5,2026-02-04,0.01488,-1.00000,0.00000,0.00189,0.00000,-0.01195
NU260227C00019500,NU,2026-02-27,19.50,call,0.20,0.21,0.14,278,0.28,2143,24,5987,2026-02-04,0.54169,0.17997,0.11337,-0.01348,0.01121,0.00180
NU260227P00019500,NU,2026-02-27,19.50,put,2.47,2.53,2.28,1017,2.78,1016,1,1,2026-02-04,0.42462,-0.88519,0.10687,-0.00589,0.00828,-0.01109
NU260227C00020000,NU,2026-02-27,20.00,call,0.15,0.23,0.10,1246,0.37,2961,17,349,2026-02-04,0.61974,0.17244,0.09644,-0.01497,0.01091,0.00171
NU260227P00020000,NU,2026-02-27,20.00,put,0.00,2.85,2.45,901,3.25,591,0,8,2026-02-04,0.01488,-1.00000,0.00000,0.00199,0.00000,-0.01257
NU260227C00020500,NU,2026-02-27,20.50,call,0.11,0.20,0.08,30,0.31,3010,6,219,2026-02-04,0.64901,0.14770,0.08322,-0.01414,0.00986,0.00146
NU260227P00020500,NU,2026-02-27,20.50,put,0.00,3.17,2.54,231,3.80,255,0,2,2026-02-04,0.01488,-1.00000,0.00000,0.00204,0.00000,-0.01289
NU260227C00021000,NU,2026-02-27,21.00,call,0.17,0.01,0.00,0,1.00,1825,0,20,2026-02-04,0.38560,0.01792,0.02676,-0.00161,0.00188,0.00019
NU260227P00021000,NU,2026-02-27,21.00,put,0.00,3.58,2.85,287,4.30,232,0,0,2026-02-04,0.01488,-1.00000,0.00000,0.00209,0.00000,-0.01320
NU260227C00021500,NU,2026-02-27,21.50,call,0.08,0.01,0.00,0,0.28,1735,5,19,2026-02-04,0.42462,0.01712,0.02337,-0.00170,0.00181,0.00018
NU260227P00021500,NU,2026-02-27,21.50,put,0.00,4.35,3.60,261,5.10,219,0,0,2026-02-04,0.01488,-1.00000,0.00000,0.00214,0.00000,-0.01352
NU260227C00022000,NU,2026-02-27,22.00,call,0.13,0.01,0.00,0,1.00,1736,0,6,2026-02-04,0.45389,0.01480,0.01930,-0.00160,0.00160,0.00015
NU260227P00022000,NU,2026-02-27,22.00,put,0.00,4.80,4.20,258,5.40,214,0,0,2026-02-04,0.01488,-1.00000,0.00000,0.00219,0.00000,-0.01383
NU260227C00022500,NU,2026-02-27,22.50,call,0.09,0.01,0.00,0,0.75,1701,0,1,2026-02-04,0.49292,0.01480,0.01777,-0.00174,0.00160,0.00015
NU260227P00022500,NU,2026-02-27,22.50,put,0.00,5.20,4.70,256,5.70,206,0,0,2026-02-04,0.01488,-1.00000,0.00000,0.00224,0.00000,-0.01415
NU260227C00023000,NU,2026-02-27,23.00,call,0.00,0.01,0.00,0,0.75,1135,0,0,2026-02-04,0.52218,0.01341,0.01542,-0.00169,0.00147,0.00014
NU260227P00023000,NU,2026-02-27,23.00,put,5.47,5.78,5.20,254,6.35,210,1,1,2026-02-04,0.01488,-1.00000,0.00000,0.00229,0.00000,-0.01446
NU260227C00024000,NU,2026-02-27,24.00,call,0.00,0.01,0.00,0,0.95,1149,0,0,2026-02-04,0.58072,0.01164,0.01226,-0.00166,0.00130,0.00012
NU260227P00024000,NU,2026-02-27,24.00,put,0.00,7.20,6.20,252,8.20,206,0,0,2026-02-04,1.08802,-0.86722,0.04618,-0.01950,0.00917,-0.01384
NU260227C00025000,NU,2026-02-27,25.00,call,0.00,0.01,0.00,0,2.14,334,0,0,2026-02-04,0.63925,0.01068,0.01034,-0.00169,0.00121,0.00011
NU260227P00025000,NU,2026-02-27,25.00,put,0.00,7.90,7.20,268,8.60,270,0,0,2026-02-04,0.01488,-1.00000,0.00000,0.00249,0.00000,-0.01572
NU260306C00005000,NU,2026-03-06,5.00,call,0.00,12.85,11.60,222,14.10,189,0,0,2026-02-04,4.23917,0.94717,0.00521,-0.03747,0.00526,0.00269
NU260306P00005000,NU,2026-03-06,5.00,put,0.00,0.01,0.00,0,2.13,104,0,0,2026-02-04,1.74167,-0.00338,0.00120,-0.00143,0.00050,-0.00006
NU260306C00008000,NU,2026-03-06,8.00,call,0.00,9.85,8.60,222,11.10,203,0,0,2026-02-04,2.77579,0.91154,0.01184,-0.03675,0.00782,0.00466
NU260306P00008000,NU,2026-03-06,8.00,put,0.00,0.01,0.00,0,2.13,454,0,0,2026-02-04,1.10753,-0.00545,0.00289,-0.00140,0.00076,-0.00008
NU260306C00009000,NU,2026-03-06,9.00,call,0.00,8.97,7.85,268,10.10,260,0,0,2026-02-04,2.56116,0.89232,0.01482,-0.03919,0.00904,0.00511
NU260306P00009000,NU,2026-03-06,9.00,put,0.00,0.01,0.00,0,1.55,406,0,0,2026-02-04,0.94168,-0.00610,0.00376,-0.00131,0.00084,-0.00009
NU260306C00010000,NU,2026-03-06,10.00,call,7.88,7.58,6.85,397,8.30,425,0,7,2026-02-04,1.81971,0.90077,0.01965,-0.02660,0.00852,0.00637
NU260306P00010000,NU,2026-03-06,10.00,put,0.00,0.01,0.00,0,1.20,594,0,0,2026-02-04,0.80510,-0.00750,0.00527,-0.00134,0.00101,-0.00011
NU260306C00011000,NU,2026-03-06,11.00,call,7.50,6.60,5.85,376,7.35,418,0,6,2026-02-04,1.59533,0.88290,0.02526,-0.02635,0.00959,0.00692
NU260306P00011000,NU,2026-03-06,11.00,put,0.00,0.01,0.00,0,2.15,593,0,0,2026-02-04,0.66852,-0.00845,0.00705,-0.00124,0.00112,-0.00013
NU260306C00012000,NU,2026-03-06,12.00,call,6.55,5.60,4.85,385,6.35,418,0,2,2026-02-04,1.35143,0.86509,0.03291,-0.02476,0.01059,0.00750
NU260306P00012000,NU,2026-03-06,12.00,put,0.00,0.01,0.00,0,2.17,683,0,0,2026-02-04,0.55145,-0.01048,0.01032,-0.00123,0.00136,-0.00015
NU260306C00012500,NU,2026-03-06,12.50,call,0.00,5.15,4.40,237,5.90,269,0,0,2026-02-04,1.29290,0.84758,0.03735,-0.02570,0.01150,0.00762
NU260306P00012500,NU,2026-03-06,12.50,put,0.00,0.01,0.00,0,2.18,480,0,0,2026-02-04,0.49292,-0.01142,0.01244,-0.00118,0.00146,-0.00017
NU260306C00013000,NU,2026-03-06,13.00,call,0.00,4.67,3.85,263,5.50,267,0,0,2026-02-04,1.19534,0.83306,0.04288,-0.02526,0.01220,0.00781
NU260306P00013000,NU,2026-03-06,13.00,put,0.00,0.01,0.00,0,2.20,564,0,0,2026-02-04,0.43438,-0.01223,0.01498,-0.00110,0.00155,-0.00018
NU260306C00013500,NU,2026-03-06,13.50,call,0.00,4.20,3.35,279,5.05,264,0,0,2026-02-04,1.10753,0.81538,0.04933,-0.02498,0.01301,0.00796
NU260306P00013500,NU,2026-03-06,13.50,put,0.00,0.01,0.00,0,2.23,621,0,0,2026-02-04,0.38560,-0.01469,0.01977,-0.00114,0.00182,-0.00021
NU260306C00014000,NU,2026-03-06,14.00,call,0.00,3.65,2.70,278,4.60,280,0,0,2026-02-04,0.96120,0.80441,0.05889,-0.02259,0.01348,0.00826
NU260306P00014000,NU,2026-03-06,14.00,put,0.00,1.18,0.08,10,2.27,212,0,38,2026-02-04,1.37094,-0.24162,0.04664,-0.03426,0.01522,-0.00435
NU260306C00014500,NU,2026-03-06,14.50,call,0.00,3.23,2.57,729,3.90,1110,0,0,2026-02-04,0.91242,0.77482,0.06739,-0.02326,0.01464,0.00819
NU260306P00014500,NU,2026-03-06,14.50,put,0.00,0.21,0.14,10,0.28,8,0,0,2026-02-04,0.57096,-0.14028,0.08000,-0.01009,0.01088,-0.00214
NU260306C00015000,NU,2026-03-06,15.00,call,2.48,2.75,2.10,1398,3.40,1756,50,0,2026-02-04,0.82461,0.74706,0.07947,-0.02244,0.01560,0.00819
NU260306P00015000,NU,2026-03-06,15.00,put,0.00,0.29,0.20,10,0.37,7,0,0,2026-02-04,0.55145,-0.18483,0.09915,-0.01162,0.01302,-0.00283
NU260306C00015500,NU,2026-03-06,15.50,call,0.00,1.82,1.44,137,2.21,126,0,0,2026-02-04,0.43438,0.79884,0.13254,-0.01110,0.01371,0.00968
NU260306P00015500,NU,2026-03-06,15.50,put,0.00,0.39,0.30,708,0.48,173,0,0,2026-02-04,0.53194,-0.23907,0.11952,-0.01297,0.01514,-0.00367
NU260306C00016000,NU,2026-03-06,16.00,call,0.00,1.59,1.48,21,1.70,163,0,0,2026-02-04,0.51243,0.69655,0.13977,-0.01559,0.01705,0.00844
NU260306P00016000,NU,2026-03-06,16.00,put,0.47,0.49,0.44,1067,0.54,10,34,10,2026-02-04,0.49292,-0.29835,0.14420,-0.01335,0.01692,-0.00458
NU260306C00016500,NU,2026-03-06,16.50,call,1.25,1.29,1.19,199,1.39,7,11,3,2026-02-04,0.51243,0.61983,0.15230,-0.01679,0.01858,0.00761
NU260306P00016500,NU,2026-03-06,16.50,put,0.65,0.66,0.61,1175,0.70,20,33,49,2026-02-04,0.48316,-0.37643,0.16103,-0.01421,0.01852,-0.00581
NU260306C00017000,NU,2026-03-06,17.00,call,1.06,1.01,0.90,387,1.11,839,150,37,2026-02-04,0.50267,0.54021,0.16182,-0.01704,0.01937,0.00673
NU260306P00017000,NU,2026-03-06,17.00,put,0.86,0.86,0.83,895,0.90,1,2777,56,2026-02-04,0.46365,-0.46104,0.17550,-0.01410,0.01937,-0.00716
NU260306C00017500,NU,2026-03-06,17.50,call,0.77,0.78,0.66,45,0.89,873,33,27,2026-02-04,0.49292,0.45820,0.16496,-0.01660,0.01936,0.00578
NU260306P00017500,NU,2026-03-06,17.50,put,0.00,1.19,1.10,269,1.27,284,0,75,2026-02-04,0.48316,-0.54377,0.16820,-0.01454,0.01935,-0.00858
NU260306C00018000,NU,2026-03-06,18.00,call,0.53,0.60,0.50,116,0.70,210,22,96,2026-02-04,0.50267,0.38375,0.15569,-0.01620,0.01863,0.00487
NU260306P00018000,NU,2026-03-06,18.00,put,1.45,1.50,1.42,175,1.57,255,12,116,2026-02-04,0.48316,-0.62297,0.16111,-0.01372,0.01853,-0.00995
NU260306C00018500,NU,2026-03-06,18.50,call,0.44,0.45,0.40,1,0.50,500,1,100,2026-02-04,0.49292,0.30917,0.14651,-0.01461,0.01719,0.00396
NU260306P00018500,NU,2026-03-06,18.50,put,0.00,1.88,1.78,11,1.98,197,0,92,2026-02-04,0.50267,-0.68644,0.14455,-0.01314,0.01730,-0.01115
NU260306C00019000,NU,2026-03-06,19.00,call,0.33,0.35,0.27,3,0.43,1252,8,160,2026-02-04,0.50267,0.25116,0.12988,-0.01341,0.01554,0.00323
NU260306P00019000,NU,2026-03-06,19.00,put,0.00,2.26,1.02,1023,3.50,956,0,5,2026-02-04,0.50267,-0.74884,0.12988,-0.01153,0.01554,-0.01234
NU260306C00019500,NU,2026-03-06,19.50,call,0.25,0.25,0.16,116,0.34,915,9,109,2026-02-04,0.50267,0.19736,0.11323,-0.01166,0.01355,0.00255
NU260306P00019500,NU,2026-03-06,19.50,put,0.00,2.62,1.44,1393,3.80,1292,0,2,2026-02-04,0.46365,-0.82494,0.11396,-0.00806,0.01258,-0.01370
NU260306C00020000,NU,2026-03-06,20.00,call,0.39,0.18,0.11,878,0.26,335,0,88,2026-02-04,0.50267,0.15227,0.09601,-0.00987,0.01149,0.00198
NU260306P00020000,NU,2026-03-06,20.00,put,0.00,3.06,1.88,1371,4.25,1274,0,1,2026-02-04,0.46365,-0.86967,0.09367,-0.00621,0.01034,-0.01468
NU260306C00020500,NU,2026-03-06,20.50,call,0.24,0.27,0.08,2029,0.47,1669,0,13,2026-02-04,0.62950,0.17774,0.08475,-0.01360,0.01270,0.00226
NU260306P00020500,NU,2026-03-06,20.50,put,3.30,3.83,3.20,356,4.45,358,2,4,2026-02-04,0.72706,-0.78052,0.08335,-0.01578,0.01443,-0.01406
NU260306C00021000,NU,2026-03-06,21.00,call,0.18,0.01,0.00,0,0.30,1946,0,15,2026-02-04,0.33682,0.01800,0.02694,-0.00124,0.00216,0.00024
NU260306P00021000,NU,2026-03-06,21.00,put,0.00,3.99,2.82,231,5.15,207,0,0,2026-02-04,0.47340,-0.92763,0.05963,-0.00333,0.00672,-0.01625
NU260306C00021500,NU,2026-03-06,21.50,call,0.14,0.01,0.00,0,2.19,2050,0,5,2026-02-04,0.36609,0.01596,0.02236,-0.00122,0.00195,0.00022
NU260306P00021500,NU,2026-03-06,21.50,put,0.00,4.15,3.30,231,5.00,203,0,0,2026-02-04,0.01488,-1.00000,0.00000,0.00214,0.00000,-0.01762
NU260306C00022000,NU,2026-03-06,22.00,call,0.15,0.01,0.00,0,1.36,2134,0,10,2026-02-04,0.39536,0.01458,0.01916,-0.00121,0.00180,0.00020
NU260306P00022000,NU,2026-03-06,22.00,put,4.53,4.72,4.10,369,5.35,311,1,0,2026-02-04,0.01488,-1.00000,0.00000,0.00219,0.00000,-0.01803
NU260306C00022500,NU,2026-03-06,22.50,call,0.00,0.01,0.00,0,2.17,2016,0,0,2026-02-04,0.42462,0.01364,0.01684,-0.00123,0.00170,0.00018
NU260306P00022500,NU,2026-03-06,22.50,put,0.00,5.65,4.60,238,6.70,212,0,0,2026-02-04,0.78559,-0.86724,0.05599,-0.01168,0.01047,-0.01677
NU260306C00023000,NU,2026-03-06,23.00,call,0.00,0.01,0.00,0,0.95,679,0,0,2026-02-04,0.45389,0.01301,0.01513,-0.00126,0.00163,0.00017
NU260306P00023000,NU,2026-03-06,23.00,put,0.00,6.30,5.05,394,7.55,366,0,1,2026-02-04,0.96120,-0.82742,0.05448,-0.01794,0.01247,-0.01675
NU260306C00024000,NU,2026-03-06,24.00,call,0.00,0.01,0.00,0,1.61,592,0,0,2026-02-04,0.51243,0.01237,0.01282,-0.00136,0.00156,0.00016
NU260306P00024000,NU,2026-03-06,24.00,put,0.00,7.55,6.05,181,9.05,176,0,0,2026-02-04,1.24412,-0.78136,0.04860,-0.02777,0.01440,-0.01714
NU260306C00025000,NU,2026-03-06,25.00,call,0.00,0.01,0.00,0,2.14,689,0,0,2026-02-04,0.56121,0.01099,0.01057,-0.00134,0.00141,0.00015
NU260306P00025000,NU,2026-03-06,25.00,put,0.00,8.55,7.05,186,10.05,178,0,0,2026-02-04,1.33192,-0.79050,0.04428,-0.02898,0.01404,-0.01809
NU260313C00005000,NU,2026-03-13,5.00,call,0.00,12.90,11.70,180,14.10,170,0,0,2026-02-04,3.89771,0.94636,0.00516,-0.03145,0.00591,0.00325
NU260313P00005000,NU,2026-03-13,5.00,put,0.00,0.01,0.00,0,2.13,212,0,0,2026-02-04,1.56606,-0.00333,0.00118,-0.00115,0.00054,-0.00007
NU260313C00009000,NU,2026-03-13,9.00,call,0.00,8.62,7.65,242,9.60,241,0,0,2026-02-04,1.93678,0.91110,0.01533,-0.02351,0.00872,0.00698
NU260313P00009000,NU,2026-03-13,9.00,put,0.00,0.01,0.00,0,1.20,232,0,0,2026-02-04,0.85388,-0.00633,0.00385,-0.00110,0.00097,-0.00012
NU260313C00010000,NU,2026-03-13,10.00,call,0.00,7.47,6.50,226,8.45,237,0,0,2026-02-04,1.51728,0.91150,0.01951,-0.01862,0.00869,0.00815
NU260313P00010000,NU,2026-03-13,10.00,put,0.00,0.01,0.00,0,0.95,236,0,0,2026-02-04,0.71730,-0.00697,0.00499,-0.00101,0.00105,-0.00013
NU260313C00011000,NU,2026-03-13,11.00,call,0.00,6.75,5.85,226,7.65,238,0,0,2026-02-04,1.56606,0.87121,0.02477,-0.02491,0.01139,0.00819
NU260313P00011000,NU,2026-03-13,11.00,put,0.00,0.01,0.00,0,2.20,274,0,0,2026-02-04,0.60023,-0.00822,0.00690,-0.00097,0.00122,-0.00015
NU260313C00012000,NU,2026-03-13,12.00,call,0.00,5.70,4.90,210,6.50,242,0,0,2026-02-04,1.30265,0.85518,0.03226,-0.02261,0.01234,0.00897
NU260313P00012000,NU,2026-03-13,12.00,put,0.00,0.01,0.00,0,2.22,243,0,0,2026-02-04,0.49292,-0.00993,0.00992,-0.00094,0.00144,-0.00018
NU260313C00012500,NU,2026-03-13,12.50,call,0.00,5.30,4.40,215,6.20,242,0,0,2026-02-04,1.27338,0.83476,0.03601,-0.02406,0.01346,0.00903
NU260313P00012500,NU,2026-03-13,12.50,put,0.00,0.01,0.00,0,2.23,240,0,0,2026-02-04,0.44414,-0.01132,0.01233,-0.00095,0.00161,-0.00021
NU260313C00013000,NU,2026-03-13,13.00,call,0.00,4.29,2.87,265,5.70,238,0,0,2026-02-04,0.74657,0.89759,0.04414,-0.01086,0.00968,0.01114
NU260313P00013000,NU,2026-03-13,13.00,put,0.00,0.01,0.00,0,2.24,236,0,0,2026-02-04,0.39536,-0.01278,0.01540,-0.00093,0.00179,-0.00023
NU260313C00013500,NU,2026-03-13,13.50,call,0.00,3.99,2.88,239,5.10,226,0,0,2026-02-04,0.84413,0.84380,0.05236,-0.01584,0.01298,0.01051
NU260313P00013500,NU,2026-03-13,13.50,put,0.00,0.01,0.00,0,2.26,229,0,0,2026-02-04,0.34658,-0.01432,0.01938,-0.00090,0.00197,-0.00026
NU260313C00014000,NU,2026-03-13,14.00,call,0.00,3.37,2.18,228,4.55,213,0,0,2026-02-04,0.65876,0.85400,0.06414,-0.01216,0.01241,0.01132
NU260313P00014000,NU,2026-03-13,14.00,put,0.00,0.01,0.00,0,2.29,226,0,0,2026-02-04,0.29780,-0.01592,0.02470,-0.00084,0.00216,-0.00028
NU260313C00014500,NU,2026-03-13,14.50,call,0.00,2.92,1.73,296,4.10,319,0,0,2026-02-04,0.61974,0.82367,0.07713,-0.01286,0.01404,0.01125
NU260313P00014500,NU,2026-03-13,14.50,put,0.00,0.51,0.10,36,0.92,149,0,0,2026-02-04,0.72706,-0.20499,0.07211,-0.01473,0.01540,-0.00405
NU260313C00015000,NU,2026-03-13,15.00,call,0.00,2.54,1.29,458,3.80,322,0,0,2026-02-04,0.60999,0.77835,0.08996,-0.01435,0.01611,0.01085
NU260313P00015000,NU,2026-03-13,15.00,put,0.00,0.33,0.23,16,0.42,22,0,1,2026-02-04,0.52218,-0.19346,0.09696,-0.01013,0.01487,-0.00367
NU260313C00015500,NU,2026-03-13,15.50,call,2.60,2.01,1.90,13,2.13,74,4,0,2026-02-04,0.50267,0.75415,0.11562,-0.01267,0.01707,0.01098
NU260313P00015500,NU,2026-03-13,15.50,put,0.00,0.43,0.34,2,0.52,47,0,0,2026-02-04,0.50267,-0.24585,0.11562,-0.01113,0.01707,-0.00468
NU260313C00016000,NU,2026-03-13,16.00,call,1.87,1.66,1.54,27,1.78,315,11,0,2026-02-04,0.49292,0.68997,0.13208,-0.01374,0.01912,0.01022
NU260313P00016000,NU,2026-03-13,16.00,put,0.50,0.55,0.49,576,0.62,19,1,0,2026-02-04,0.47340,-0.30507,0.13656,-0.01157,0.01898,-0.00581
NU260313C00016500,NU,2026-03-13,16.50,call,1.36,1.36,1.25,176,1.47,538,15,2,2026-02-04,0.49292,0.61779,0.14280,-0.01468,0.02067,0.00928
NU260313P00016500,NU,2026-03-13,16.50,put,0.64,0.75,0.66,230,0.84,272,2,0,2026-02-04,0.47340,-0.37991,0.14841,-0.01248,0.02063,-0.00731
NU260313C00017000,NU,2026-03-13,17.00,call,1.05,1.05,0.97,176,1.14,169,2,1,2026-02-04,0.46365,0.54251,0.15788,-0.01429,0.02150,0.00830
NU260313P00017000,NU,2026-03-13,17.00,put,0.93,0.98,0.88,105,1.08,181,45,3,2026-02-04,0.47340,-0.45714,0.15461,-0.01288,0.02149,-0.00888
NU260313C00017500,NU,2026-03-13,17.50,call,1.81,0.85,0.73,244,0.97,284,0,6,2026-02-04,0.47340,0.46626,0.15496,-0.01449,0.02154,0.00719
NU260313P00017500,NU,2026-03-13,17.50,put,1.10,1.25,1.14,133,1.35,154,1,0,2026-02-04,0.47340,-0.53374,0.15496,-0.01275,0.02154,-0.01048
NU260313C00018000,NU,2026-03-13,18.00,call,0.00,0.64,0.55,21,0.72,169,0,0,2026-02-04,0.46365,0.38957,0.15266,-0.01362,0.02078,0.00608
NU260313P00018000,NU,2026-03-13,18.00,put,0.00,1.55,1.46,97,1.64,114,0,0,2026-02-04,0.46365,-0.61043,0.15266,-0.01183,0.02078,-0.01210
NU260313C00018500,NU,2026-03-13,18.50,call,0.96,0.51,0.40,201,0.62,510,0,1,2026-02-04,0.47340,0.32514,0.14032,-0.01298,0.01951,0.00510
NU260313P00018500,NU,2026-03-13,18.50,put,0.00,1.86,1.68,59,2.04,33,0,0,2026-02-04,0.44414,-0.68894,0.14680,-0.01014,0.01915,-0.01377
NU260313C00019000,NU,2026-03-13,19.00,call,0.00,0.40,0.30,13,0.49,36,0,0,2026-02-04,0.48316,0.26945,0.12616,-0.01210,0.01790,0.00424
NU260313P00019000,NU,2026-03-13,19.00,put,0.00,2.24,2.06,10,2.41,28,0,0,2026-02-04,0.44414,-0.75221,0.13141,-0.00879,0.01714,-0.01525
NU260313C00019500,NU,2026-03-13,19.50,call,0.00,0.30,0.22,16,0.39,25,0,0,2026-02-04,0.48316,0.21671,0.11211,-0.01072,0.01591,0.00343
NU260313P00019500,NU,2026-03-13,19.50,put,0.00,2.54,1.93,383,3.15,233,0,0,2026-02-04,0.36609,-0.85928,0.11259,-0.00428,0.01210,-0.01740
NU260313C00020000,NU,2026-03-13,20.00,call,0.00,0.22,0.13,4,0.31,14,0,0,2026-02-04,0.48316,0.17158,0.09723,-0.00928,0.01379,0.00273
NU260313P00020000,NU,2026-03-13,20.00,put,0.00,3.03,1.85,484,4.20,395,0,0,2026-02-04,0.40511,-0.87653,0.09297,-0.00426,0.01106,-0.01820
NU260313C00020500,NU,2026-03-13,20.50,call,0.00,0.01,0.00,0,2.24,364,0,0,2026-02-04,0.26853,0.01831,0.03086,-0.00091,0.00243,0.00031
NU260313P00020500,NU,2026-03-13,20.50,put,0.00,3.54,2.28,321,4.80,310,0,0,2026-02-04,0.45389,-0.88289,0.07994,-0.00468,0.01066,-0.01882
NU260313C00021000,NU,2026-03-13,21.00,call,0.00,0.01,0.00,0,2.22,320,0,0,2026-02-04,0.29780,0.01659,0.02558,-0.00093,0.00224,0.00028
NU260313P00021000,NU,2026-03-13,21.00,put,0.00,3.98,2.75,333,5.20,303,0,0,2026-02-04,0.43438,-0.92271,0.06153,-0.00264,0.00785,-0.01995
NU260313C00021500,NU,2026-03-13,21.50,call,0.00,0.01,0.00,0,2.20,348,0,0,2026-02-04,0.32707,0.01553,0.02201,-0.00096,0.00211,0.00026
NU260313P00021500,NU,2026-03-13,21.50,put,0.00,4.47,3.20,213,5.75,208,0,0,2026-02-04,0.46365,-0.93111,0.05279,-0.00248,0.00719,-0.02060
NU260313C00022000,NU,2026-03-13,22.00,call,0.00,0.01,0.00,0,2.18,364,0,0,2026-02-04,0.35633,0.01489,0.01949,-0.00101,0.00204,0.00025
NU260313P00022000,NU,2026-03-13,22.00,put,0.00,4.55,3.65,207,5.45,211,0,0,2026-02-04,0.01488,-1.00000,0.00000,0.00219,0.00000,-0.02222
NU260313C00022500,NU,2026-03-13,22.50,call,0.16,0.01,0.00,0,2.17,1088,0,1,2026-02-04,0.38560,0.01455,0.01766,-0.00107,0.00200,0.00024
NU260313P00022500,NU,2026-03-13,22.50,put,0.00,5.62,4.55,212,6.70,208,0,0,2026-02-04,0.69779,-0.87049,0.05580,-0.00874,0.01143,-0.02072
NU260313C00023000,NU,2026-03-13,23.00,call,0.00,0.01,0.00,0,2.17,1003,0,0,2026-02-04,0.40511,0.01250,0.01474,-0.00098,0.00175,0.00021
NU260313P00023000,NU,2026-03-13,23.00,put,5.65,5.90,5.05,221,6.75,208,1,1,2026-02-04,0.37584,-0.99236,0.01034,0.00169,0.00114,-0.02310
NU260313C00023500,NU,2026-03-13,23.50,call,0.00,0.01,0.00,0,1.80,1002,0,0,2026-02-04,0.43438,0.01265,0.01389,-0.00106,0.00177,0.00021
NU260313P00023500,NU,2026-03-13,23.50,put,0.00,6.75,5.55,212,7.95,207,0,0,2026-02-04,0.88315,-0.83980,0.05088,-0.01365,0.01320,-0.02133
NU260313C00024000,NU,2026-03-13,24.00,call,0.00,0.01,0.00,0,1.15,323,0,0,2026-02-04,0.46365,0.01290,0.01323,-0.00115,0.00180,0.00021
NU260313P00024000,NU,2026-03-13,24.00,put,0.00,7.55,6.05,179,9.05,183,0,0,2026-02-04,1.12705,-0.77876,0.04864,-0.02244,0.01610,-0.02109
NU260313C00025000,NU,2026-03-13,25.00,call,0.00,0.01,0.00,0,2.15,364,0,0,2026-02-04,0.50267,0.01074,0.01042,-0.00106,0.00154,0.00018
NU260313P00025000,NU,2026-03-13,25.00,put,0.00,8.55,7.05,179,10.05,157,0,0,2026-02-04,1.20509,-0.78833,0.04434,-0.02336,0.01569,-0.02227
NU260320C00001000,NU,2026-03-20,1.00,call,16.95,15.95,15.55,304,16.35,30,0,5,2026-02-04,0.01488,1.00000,0.00000,-0.00010,0.00000,0.00120
NU260320P00001000,NU,2026-03-20,1.00,put,0.00,0.01,0.00,0,0.01,50,0,0,2026-02-04,3.35138,-0.00126,0.00021,-0.00093,0.00025,-0.00004
NU260320C00002000,NU,2026-03-20,2.00,call,0.00,15.28,14.55,224,16.00,147,0,0,2026-02-04,4.34648,0.98524,0.00145,-0.01105,0.00221,0.00179
NU260320P00002000,NU,2026-03-20,2.00,put,0.00,0.01,0.00,0,0.01,25,0,0,2026-02-04,2.49287,-0.00180,0.00039,-0.00096,0.00034,-0.00005
NU260320C00003000,NU,2026-03-20,3.00,call,0.00,14.20,13.35,223,15.05,147,0,0,2026-02-04,3.15626,0.98366,0.00219,-0.00889,0.00241,0.00306
NU260320P00003000,NU,2026-03-20,3.00,put,0.00,0.01,0.00,0,0.75,636,0,0,2026-02-04,2.01483,-0.00227,0.00060,-0.00096,0.00042,-0.00006
NU260320C00004000,NU,2026-03-20,4.00,call,0.00,13.32,12.65,223,14.00,132,0,0,2026-02-04,2.98066,0.97263,0.00358,-0.01294,0.00373,0.00390
NU260320P00004000,NU,2026-03-20,4.00,put,0.00,0.01,0.00,0,0.75,638,0,0,2026-02-04,1.69289,-0.00285,0.00087,-0.00099,0.00052,-0.00007
NU260320C00005000,NU,2026-03-20,5.00,call,0.00,12.38,11.70,223,13.05,136,0,0,2026-02-04,2.66847,0.96328,0.00510,-0.01480,0.00475,0.00484
NU260320P00005000,NU,2026-03-20,5.00,put,0.00,0.01,0.00,0,0.75,2148,0,0,2026-02-04,1.43923,-0.00336,0.00119,-0.00097,0.00060,-0.00008
NU260320C00006000,NU,2026-03-20,6.00,call,10.87,11.30,10.65,372,11.95,218,0,1,2026-02-04,2.13190,0.96284,0.00644,-0.01213,0.00480,0.00613
NU260320P00006000,NU,2026-03-20,6.00,put,0.01,0.01,0.00,0,0.03,2114,487,456,2026-02-04,1.23436,-0.00394,0.00160,-0.00096,0.00069,-0.00009
NU260320C00010000,NU,2026-03-20,10.00,call,8.10,7.38,6.65,1353,8.10,1308,0,127,2026-02-04,1.28314,0.92311,0.01903,-0.01326,0.00852,0.01004
NU260320P00010000,NU,2026-03-20,10.00,put,0.00,0.01,0.00,0,0.06,2258,0,3,2026-02-04,0.65876,-0.00697,0.00499,-0.00085,0.00115,-0.00015
NU260320C00011000,NU,2026-03-20,11.00,call,7.62,6.42,5.80,831,7.05,587,0,8,2026-02-04,1.13680,0.90564,0.02504,-0.01374,0.00994,0.01084
NU260320P00011000,NU,2026-03-20,11.00,put,0.00,0.04,0.01,1165,0.08,454,0,51,2026-02-04,0.68803,-0.02471,0.01423,-0.00263,0.00342,-0.00056
NU260320C00012000,NU,2026-03-20,12.00,call,5.05,5.20,5.05,194,5.35,385,2,3,2026-02-04,0.72706,0.93675,0.02889,-0.00713,0.00734,0.01295
NU260320P00012000,NU,2026-03-20,12.00,put,0.00,0.07,0.03,2193,0.10,2332,0,102,2026-02-04,0.62950,-0.04196,0.02408,-0.00371,0.00529,-0.00094
NU260320C00013000,NU,2026-03-20,13.00,call,4.15,4.20,4.05,571,4.35,160,2,49,2026-02-04,0.58072,0.92771,0.04011,-0.00652,0.00813,0.01397
NU260320P00013000,NU,2026-03-20,13.00,put,0.11,0.12,0.10,21,0.14,900,1,2674,2026-02-04,0.58072,-0.07229,0.04011,-0.00523,0.00813,-0.00163
NU260320C00014000,NU,2026-03-20,14.00,call,3.37,3.28,3.20,1503,3.35,1093,88,715,2026-02-04,0.53194,0.87975,0.06373,-0.00832,0.01184,0.01409
NU260320P00014000,NU,2026-03-20,14.00,put,0.19,0.21,0.18,422,0.23,76,24,3567,2026-02-04,0.54169,-0.12385,0.06389,-0.00721,0.01209,-0.00280
NU260320C00015000,NU,2026-03-20,15.00,call,3.60,2.44,2.29,2347,2.58,1957,0,2099,2026-02-04,0.49292,0.80218,0.09548,-0.01032,0.01644,0.01352
NU260320P00015000,NU,2026-03-20,15.00,put,0.35,0.35,0.32,1787,0.39,367,102,3740,2026-02-04,0.49292,-0.19782,0.09548,-0.00884,0.01644,-0.00448
NU260320C00016000,NU,2026-03-20,16.00,call,1.78,1.71,1.65,1327,1.78,1154,25,1696,2026-02-04,0.47340,0.68612,0.12679,-0.01227,0.02096,0.01202
NU260320P00016000,NU,2026-03-20,16.00,put,0.62,0.64,0.59,71,0.69,2117,2158,13508,2026-02-04,0.48316,-0.31617,0.12462,-0.01094,0.02103,-0.00726
NU260320C00017000,NU,2026-03-20,17.00,call,1.17,1.12,1.08,314,1.17,348,82,10765,2026-02-04,0.45389,0.54542,0.14777,-0.01290,0.02342,0.00985
NU260320P00017000,NU,2026-03-20,17.00,put,1.00,1.04,1.00,35,1.09,510,1355,6065,2026-02-04,0.46365,-0.45420,0.14465,-0.01146,0.02342,-0.01058
NU260320C00018000,NU,2026-03-20,18.00,call,0.71,0.68,0.60,2483,0.76,1716,2118,5299,2026-02-04,0.44414,0.39840,0.14705,-0.01212,0.02281,0.00735
NU260320P00018000,NU,2026-03-20,18.00,put,1.55,1.60,1.55,742,1.65,321,14,5960,2026-02-04,0.45389,-0.59816,0.14421,-0.01061,0.02286,-0.01421
NU260320C00019000,NU,2026-03-20,19.00,call,0.46,0.42,0.37,1592,0.48,1359,3393,15762,2026-02-04,0.45389,0.27703,0.12485,-0.01063,0.01979,0.00517
NU260320P00019000,NU,2026-03-20,19.00,put,2.29,2.33,2.28,392,2.39,349,3,267,2026-02-04,0.45389,-0.72297,0.12485,-0.00875,0.01979,-0.01763
NU260320C00020000,NU,2026-03-20,20.00,call,0.26,0.26,0.22,998,0.29,515,43,5242,2026-02-04,0.46365,0.18552,0.09760,-0.00861,0.01580,0.00349
NU260320P00020000,NU,2026-03-20,20.00,put,2.91,3.17,3.10,404,3.25,610,9,86,2026-02-04,0.47340,-0.80860,0.09744,-0.00698,0.01611,-0.02041
NU260320C00021000,NU,2026-03-20,21.00,call,0.17,0.16,0.12,1953,0.20,1942,1289,32211,2026-02-04,0.47340,0.12109,0.07196,-0.00659,0.01190,0.00230
NU260320P00021000,NU,2026-03-20,21.00,put,3.70,4.15,4.00,703,4.30,1268,60,120,2026-02-04,0.55145,-0.83618,0.07582,-0.00732,0.01460,-0.02216
NU260320C00022000,NU,2026-03-20,22.00,call,0.15,0.12,0.10,8,0.14,2526,0,4458,2026-02-04,0.51243,0.09193,0.05448,-0.00582,0.00975,0.00174
NU260320P00022000,NU,2026-03-20,22.00,put,0.00,5.08,4.75,266,5.40,160,0,0,2026-02-04,0.58072,-0.87500,0.05999,-0.00604,0.01216,-0.02408
NU260320C00023000,NU,2026-03-20,23.00,call,0.07,0.07,0.04,1318,0.11,1849,51,272,2026-02-04,0.51243,0.05719,0.03789,-0.00404,0.00678,0.00109
NU260320P00023000,NU,2026-03-20,23.00,put,0.00,6.00,5.70,566,6.30,279,0,1,2026-02-04,0.58072,-0.91478,0.04543,-0.00393,0.00921,-0.02601
NU260320C00024000,NU,2026-03-20,24.00,call,0.06,0.06,0.01,2274,0.10,52,0,75,2026-02-04,0.55145,0.04684,0.03004,-0.00370,0.00578,0.00089
NU260320P00024000,NU,2026-03-20,24.00,put,0.00,6.85,6.05,235,7.65,45,0,0,2026-02-04,0.01488,-1.00000,0.00000,0.00238,0.00000,-0.02880
NU260320C00025000,NU,2026-03-20,25.00,call,0.01,0.01,0.00,0,0.54,2322,0,64,2026-02-04,0.46365,0.01128,0.01081,-0.00094,0.00175,0.00022
NU260320P00025000,NU,2026-03-20,25.00,put,0.00,7.75,7.05,221,8.45,30,0,0,2026-02-04,0.01488,-1.00000,0.00000,0.00248,0.00000,-0.03001
NU260417C00001000,NU,2026-04-17,1.00,call,0.00,16.35,15.55,226,17.15,395,0,0,2026-02-04,5.20500,0.99146,0.00059,-0.00639,0.00175,0.00104
NU260417P00001000,NU,2026-04-17,1.00,put,0.00,0.01,0.00,0,0.28,1015,0,0,2026-02-04,2.61969,-0.00125,0.00021,-0.00056,0.00031,-0.00006
NU260417C00002000,NU,2026-04-17,2.00,call,0.00,15.35,14.55,227,16.15,396,0,0,2026-02-04,3.62455,0.98380,0.00148,-0.00784,0.00306,0.00275
NU260417P00002000,NU,2026-04-17,2.00,put,0.00,0.01,0.00,0,0.33,1021,0,1,2026-02-04,1.95629,-0.00182,0.00039,-0.00059,0.00044,-0.00008
NU260417C00002500,NU,2026-04-17,2.50,call,0.00,14.68,13.70,177,15.65,187,0,0,2026-02-04,2.63920,0.98708,0.00167,-0.00483,0.00252,0.00418
NU260417P00002500,NU,2026-04-17,2.50,put,0.00,0.01,0.00,0,0.43,431,0,0,2026-02-04,1.74167,-0.00202,0.00049,-0.00058,0.00048,-0.00009
NU260417C00003000,NU,2026-04-17,3.00,call,15.00,14.25,13.35,460,15.15,527,0,1,2026-02-04,2.60018,0.98154,0.00230,-0.00642,0.00342,0.00484
NU260417P00003000,NU,2026-04-17,3.00,put,0.00,0.01,0.00,0,0.26,964,0,0,2026-02-04,1.57582,-0.00225,0.00059,-0.00058,0.00053,-0.00009
NU260417C00004000,NU,2026-04-17,4.00,call,13.69,13.43,12.70,542,14.15,513,0,1,2026-02-04,2.53189,0.96830,0.00372,-0.00977,0.00538,0.00602
NU260417P00004000,NU,2026-04-17,4.00,put,0.00,0.01,0.00,0,0.28,1221,0,0,2026-02-04,1.32216,-0.00279,0.00086,-0.00059,0.00065,-0.00011
NU260417C00005000,NU,2026-04-17,5.00,call,13.00,12.38,11.55,431,13.20,529,0,2,2026-02-04,2.06361,0.96428,0.00504,-0.00891,0.00594,0.00795
NU260417P00005000,NU,2026-04-17,5.00,put,0.00,0.01,0.00,0,0.24,1160,0,2,2026-02-04,1.12705,-0.00335,0.00118,-0.00059,0.00076,-0.00013
NU260417C00006000,NU,2026-04-17,6.00,call,0.00,11.22,10.25,229,12.20,397,0,0,2026-02-04,1.49777,0.97198,0.00568,-0.00559,0.00486,0.01050
NU260417P00006000,NU,2026-04-17,6.00,put,0.00,0.01,0.00,0,0.24,922,0,36,2026-02-04,0.96120,-0.00376,0.00154,-0.00056,0.00085,-0.00015
NU260417C00007000,NU,2026-04-17,7.00,call,9.75,10.40,9.70,1437,11.10,1461,0,560,2026-02-04,1.55630,0.94964,0.00882,-0.00905,0.00784,0.01136
NU260417P00007000,NU,2026-04-17,7.00,put,0.00,0.01,0.00,0,0.25,966,0,34,2026-02-04,0.83437,-0.00463,0.00214,-0.00058,0.00102,-0.00018
NU260417C00008000,NU,2026-04-17,8.00,call,8.87,9.40,8.60,779,10.20,818,0,50,2026-02-04,1.34167,0.94259,0.01135,-0.00877,0.00870,0.01311
NU260417P00008000,NU,2026-04-17,8.00,put,0.00,0.01,0.00,0,0.25,1343,0,6,2026-02-04,0.71730,-0.00536,0.00284,-0.00057,0.00116,-0.00020
NU260417C00009000,NU,2026-04-17,9.00,call,8.90,8.47,7.70,588,9.25,644,0,20,2026-02-04,1.23436,0.92639,0.01496,-0.00977,0.01055,0.01439
NU260417P00009000,NU,2026-04-17,9.00,put,0.00,0.01,0.00,0,0.06,2554,0,202,2026-02-04,0.60999,-0.00597,0.00367,-0.00053,0.00128,-0.00022
NU260417C00010000,NU,2026-04-17,10.00,call,8.55,7.30,6.35,842,8.25,764,0,50,2026-02-04,0.90266,0.93881,0.01773,-0.00660,0.00914,0.01711
NU260417P00010000,NU,2026-04-17,10.00,put,0.05,0.03,0.01,1201,0.05,1310,7,124,2026-02-04,0.60999,-0.01680,0.00905,-0.00130,0.00315,-0.00062
NU260417C00011000,NU,2026-04-17,11.00,call,6.30,6.12,5.95,1740,6.30,1234,10,143,2026-02-04,0.48316,0.98518,0.01026,-0.00201,0.00283,0.02101
NU260417P00011000,NU,2026-04-17,11.00,put,0.00,0.08,0.05,5,0.10,2669,0,582,2026-02-04,0.60999,-0.03810,0.01796,-0.00258,0.00626,-0.00143
NU260417C00012000,NU,2026-04-17,12.00,call,5.25,5.22,5.15,989,5.30,1174,1,515,2026-02-04,0.55145,0.94280,0.02753,-0.00440,0.00867,0.02136
NU260417P00012000,NU,2026-04-17,12.00,put,0.00,0.01,0.00,0,0.12,759,0,7609,2026-02-04,0.35633,-0.00983,0.00975,-0.00047,0.00198,-0.00035
NU260417C00013000,NU,2026-04-17,13.00,call,5.20,4.28,4.20,940,4.35,292,0,190,2026-02-04,0.50267,0.91160,0.04217,-0.00535,0.01211,0.02216
NU260417P00013000,NU,2026-04-17,13.00,put,0.14,0.17,0.13,1773,0.21,1124,1,6727,2026-02-04,0.50267,-0.08840,0.04217,-0.00406,0.01211,-0.00330
NU260417C00014000,NU,2026-04-17,14.00,call,3.55,3.42,3.35,1534,3.50,1034,6,737,2026-02-04,0.48316,0.85337,0.06287,-0.00693,0.01736,0.02190
NU260417P00014000,NU,2026-04-17,14.00,put,0.29,0.29,0.24,1904,0.33,214,33,54649,2026-02-04,0.47340,-0.14269,0.06301,-0.00533,0.01704,-0.00536
NU260417C00015000,NU,2026-04-17,15.00,call,2.59,2.63,2.58,109,2.69,830,5,1129,2026-02-04,0.46365,0.77378,0.08583,-0.00837,0.02274,0.02078
NU260417P00015000,NU,2026-04-17,15.00,put,0.47,0.48,0.43,1900,0.53,397,14,16652,2026-02-04,0.45389,-0.22270,0.08690,-0.00668,0.02254,-0.00844
NU260417C00016000,NU,2026-04-17,16.00,call,1.96,1.93,1.87,455,1.99,514,92,18164,2026-02-04,0.44414,0.67304,0.10747,-0.00936,0.02727,0.01877
NU260417P00016000,NU,2026-04-17,16.00,put,0.78,0.79,0.76,1,0.83,381,1581,2960,2026-02-04,0.43438,-0.32491,0.10960,-0.00758,0.02720,-0.01244
NU260417C00017000,NU,2026-04-17,17.00,call,1.40,1.36,1.30,618,1.42,849,116,2899,2026-02-04,0.43438,0.55558,0.12031,-0.00981,0.02986,0.01594
NU260417P00017000,NU,2026-04-17,17.00,put,1.15,1.23,1.16,320,1.29,785,17,2256,2026-02-04,0.43438,-0.44442,0.12031,-0.00813,0.02986,-0.01735
NU260417C00018000,NU,2026-04-17,18.00,call,0.94,0.93,0.87,531,0.98,934,260,5702,2026-02-04,0.42462,0.43468,0.12262,-0.00942,0.02975,0.01276
NU260417P00018000,NU,2026-04-17,18.00,put,1.57,1.77,1.71,318,1.83,199,59,1668,2026-02-04,0.42462,-0.56532,0.12262,-0.00764,0.02975,-0.02249
NU260417C00019000,NU,2026-04-17,19.00,call,0.63,0.64,0.62,1,0.66,777,2158,66250,2026-02-04,0.43438,0.33115,0.11044,-0.00877,0.02741,0.00984
NU260417P00019000,NU,2026-04-17,19.00,put,2.43,2.50,2.36,1101,2.63,1746,2,190,2026-02-04,0.43438,-0.66885,0.11044,-0.00689,0.02741,-0.02737
NU260417C00020000,NU,2026-04-17,20.00,call,0.41,0.47,0.35,2150,0.59,4152,627,27841,2026-02-04,0.45389,0.25337,0.09327,-0.00801,0.02419,0.00757
NU260417P00020000,NU,2026-04-17,20.00,put,3.15,3.28,3.20,86,3.35,1144,1,60,2026-02-04,0.44414,-0.75266,0.09411,-0.00576,0.02388,-0.03175
NU260417C00025000,NU,2026-04-17,25.00,call,0.08,0.08,0.06,100,0.11,2390,11,2530,2026-02-04,0.49292,0.05326,0.02911,-0.00289,0.00820,0.00164
NU260417P00025000,NU,2026-04-17,25.00,put,0.00,7.83,7.10,485,8.55,315,0,7,2026-02-04,0.41487,-0.97474,0.01880,0.00115,0.00446,-0.04817
NU260417C00030000,NU,2026-04-17,30.00,call,0.02,0.01,0.00,0,0.05,3115,0,639,2026-02-04,0.50267,0.00831,0.00596,-0.00061,0.00171,0.00026
NU260417P00030000,NU,2026-04-17,30.00,put,0.00,12.72,11.85,235,13.60,171,0,0,2026-02-04,0.01488,-1.00000,0.00000,0.00297,0.00000,-0.05875
NU260618C00003000,NU,2026-06-18,3.00,call,11.90,14.40,13.55,591,15.25,607,0,8,2026-02-04,2.16117,0.97673,0.00247,-0.00480,0.00567,0.00817
NU260618P00003000,NU,2026-06-18,3.00,put,0.00,0.01,0.00,0,0.38,2026,0,1,2026-02-04,1.16607,-0.00234,0.00061,-0.00032,0.00075,-0.00018
NU260618C00005000,NU,2026-06-18,5.00,call,12.35,12.30,11.30,758,13.30,803,0,38,2026-02-04,1.37094,0.97168,0.00459,-0.00384,0.00669,0.01556
NU260618P00005000,NU,2026-06-18,5.00,put,0.01,0.01,0.00,0,0.05,1723,1,64,2026-02-04,0.82461,-0.00318,0.00114,-0.00030,0.00100,-0.00023
NU260618C00008000,NU,2026-06-18,8.00,call,10.72,9.12,9.00,2439,9.25,1077,0,988,2026-02-04,0.01488,1.00000,0.00000,-0.00079,0.00000,0.02898
NU260618P00008000,NU,2026-06-18,8.00,put,0.00,0.03,0.01,697,0.05,607,0,2905,2026-02-04,0.60999,-0.01180,0.00489,-0.00070,0.00317,-0.00084
NU260618C00010000,NU,2026-06-18,10.00,call,8.50,7.25,7.15,2283,7.35,1225,0,932,2026-02-04,0.56121,0.96191,0.01431,-0.00270,0.00854,0.03348
NU260618P00010000,NU,2026-06-18,10.00,put,0.00,0.10,0.09,5,0.12,681,0,6291,2026-02-04,0.56121,-0.03809,0.01431,-0.00171,0.00854,-0.00275
NU260618C00012000,NU,2026-06-18,12.00,call,5.55,5.42,5.35,1934,5.50,836,20,2065,2026-02-04,0.50267,0.91046,0.03121,-0.00413,0.01668,0.03698
NU260618P00012000,NU,2026-06-18,12.00,put,0.24,0.25,0.22,102,0.28,1545,31,2856,2026-02-04,0.50267,-0.08954,0.03121,-0.00295,0.01668,-0.00649
NU260618C00015000,NU,2026-06-18,15.00,call,3.09,3.06,2.97,1152,3.15,1482,286,3724,2026-02-04,0.45389,0.74069,0.06920,-0.00661,0.03340,0.03502
NU260618P00015000,NU,2026-06-18,15.00,put,0.72,0.80,0.74,1725,0.86,710,6,13273,2026-02-04,0.44414,-0.25666,0.07035,-0.00499,0.03323,-0.01903
NU260618C00017000,NU,2026-06-18,17.00,call,1.91,1.88,1.81,185,1.94,2093,22,21398,2026-02-04,0.43438,0.57411,0.08752,-0.00734,0.04043,0.02892
NU260618P00017000,NU,2026-06-18,17.00,put,1.59,1.60,1.54,304,1.67,545,95,1574,2026-02-04,0.42462,-0.42656,0.08956,-0.00552,0.04044,-0.03256
NU260618C00020000,NU,2026-06-18,20.00,call,0.78,0.78,0.73,647,0.84,2336,1065,15251,2026-02-04,0.41487,0.32168,0.08377,-0.00619,0.03696,0.01721
NU260618P00020000,NU,2026-06-18,20.00,put,3.40,3.52,3.40,1635,3.65,1520,43,763,2026-02-04,0.41487,-0.67832,0.08377,-0.00422,0.03696,-0.05524
NU260618C00022000,NU,2026-06-18,22.00,call,0.42,0.44,0.42,1,0.46,158,22,4378,2026-02-04,0.42462,0.20697,0.06525,-0.00497,0.02947,0.01127
NU260618P00022000,NU,2026-06-18,22.00,put,0.00,4.95,4.00,1291,5.90,1247,0,11,2026-02-04,0.35633,-0.84587,0.06460,-0.00133,0.02448,-0.07105
NU260618C00025000,NU,2026-06-18,25.00,call,0.18,0.19,0.15,2256,0.23,1951,81,1546,2026-02-04,0.43438,0.10054,0.03933,-0.00310,0.01817,0.00558
NU260618P00025000,NU,2026-06-18,25.00,put,0.00,7.93,7.70,491,8.15,221,0,1,2026-02-04,0.48316,-0.86893,0.04270,-0.00169,0.02194,-0.08344
NU260618C00030000,NU,2026-06-18,30.00,call,0.08,0.07,0.03,1996,0.12,3739,0,1049,2026-02-04,0.48316,0.04057,0.01749,-0.00168,0.00899,0.00226
NU260618P00030000,NU,2026-06-18,30.00,put,0.00,13.07,12.15,508,14.00,566,0,1,2026-02-04,0.72706,-0.84991,0.03111,-0.00378,0.02405,-0.10108
NU260717C00001000,NU,2026-07-17,1.00,call,15.98,15.97,15.55,510,16.40,494,18,31,2026-02-04,0.01488,1.00000,0.00000,-0.00010,0.00000,0.00439
NU260717P00001000,NU,2026-07-17,1.00,put,0.00,0.01,0.00,0,0.33,1240,0,0,2026-02-04,1.75142,-0.00126,0.00021,-0.00025,0.00047,-0.00014
NU260717C00002000,NU,2026-07-17,2.00,call,0.00,15.43,14.55,390,16.30,404,0,0,2026-02-04,2.55140,0.98291,0.00146,-0.00390,0.00482,0.00580
NU260717P00002000,NU,2026-07-17,2.00,put,0.00,0.01,0.00,0,0.37,2098,0,0,2026-02-04,1.30265,-0.00179,0.00039,-0.00026,0.00065,-0.00018
NU260717C00003000,NU,2026-07-17,3.00,call,0.00,14.40,13.50,389,15.30,403,0,0,2026-02-04,1.95629,0.97691,0.00246,-0.00395,0.00622,0.00994
NU260717P00003000,NU,2026-07-17,3.00,put,0.00,0.01,0.00,0,0.37,1226,0,0,2026-02-04,1.05875,-0.00233,0.00060,-0.00026,0.00083,-0.00022
NU260717C00004000,NU,2026-07-17,4.00,call,0.00,13.30,12.25,389,14.35,404,0,0,2026-02-04,1.45875,0.97668,0.00332,-0.00314,0.00627,0.01485
NU260717P00004000,NU,2026-07-17,4.00,put,0.00,0.01,0.00,0,0.45,1089,0,0,2026-02-04,0.88315,-0.00275,0.00084,-0.00025,0.00096,-0.00025
NU260717C00005000,NU,2026-07-17,5.00,call,12.40,12.30,11.25,579,13.35,563,0,2,2026-02-04,1.22460,0.97294,0.00448,-0.00309,0.00710,0.01902
NU260717P00005000,NU,2026-07-17,5.00,put,0.00,0.01,0.00,0,0.44,1676,0,0,2026-02-04,0.75632,-0.00338,0.00118,-0.00026,0.00116,-0.00030
NU260717C00006000,NU,2026-07-17,6.00,call,10.58,11.35,10.30,403,12.40,418,0,0,2026-02-04,1.09778,0.96487,0.00621,-0.00347,0.00882,0.02265
NU260717P00006000,NU,2026-07-17,6.00,put,0.00,0.01,0.00,0,0.24,2732,0,0,2026-02-04,0.64901,-0.00393,0.00158,-0.00026,0.00133,-0.00034
NU260717C00010000,NU,2026-07-17,10.00,call,7.45,7.30,7.20,841,7.40,1170,1,163,2026-02-04,0.53194,0.95724,0.01503,-0.00258,0.01035,0.04015
NU260717P00010000,NU,2026-07-17,10.00,put,0.11,0.11,0.07,894,0.14,1452,1,37,2026-02-04,0.52218,-0.04049,0.01465,-0.00151,0.00990,-0.00357
NU260717C00011000,NU,2026-07-17,11.00,call,6.12,6.85,6.15,608,7.55,789,0,3,2026-02-04,0.74657,0.87635,0.02406,-0.00613,0.02324,0.03599
NU260717P00011000,NU,2026-07-17,11.00,put,0.14,0.20,0.01,2894,0.38,3637,8,3,2026-02-04,0.51243,-0.06767,0.02244,-0.00220,0.01488,-0.00604
NU260717C00012000,NU,2026-07-17,12.00,call,6.20,5.97,5.30,536,6.65,790,0,6,2026-02-04,0.67828,0.84932,0.03031,-0.00638,0.02660,0.03792
NU260717P00012000,NU,2026-07-17,12.00,put,0.00,0.35,0.23,64,0.46,3551,0,42,2026-02-04,0.51243,-0.10762,0.03176,-0.00309,0.02105,-0.00975
NU260717C00013000,NU,2026-07-17,13.00,call,5.09,5.10,4.45,1212,5.75,1461,0,4,2026-02-04,0.61974,0.81512,0.03785,-0.00664,0.03035,0.03915
NU260717P00013000,NU,2026-07-17,13.00,put,0.00,0.41,0.36,1480,0.46,1704,0,1865,2026-02-04,0.45389,-0.13707,0.04250,-0.00320,0.02495,-0.01226
NU260717C00014000,NU,2026-07-17,14.00,call,4.20,4.00,3.80,290,4.20,1720,1,8,2026-02-04,0.48316,0.79297,0.05201,-0.00576,0.03251,0.04240
NU260717P00014000,NU,2026-07-17,14.00,put,0.53,0.61,0.55,1339,0.68,1298,31,61,2026-02-04,0.43438,-0.19105,0.05511,-0.00374,0.03097,-0.01720
NU260717C00015000,NU,2026-07-17,15.00,call,3.10,3.25,3.10,738,3.40,1798,1,17,2026-02-04,0.45389,0.73295,0.06369,-0.00613,0.03740,0.04119
NU260717P00015000,NU,2026-07-17,15.00,put,0.88,0.88,0.82,1730,0.93,105,35,879,2026-02-04,0.42462,-0.25966,0.06712,-0.00427,0.03687,-0.02367
NU260717C00016000,NU,2026-07-17,16.00,call,2.70,2.58,2.48,994,2.67,1952,1,77,2026-02-04,0.43438,0.66058,0.07412,-0.00641,0.04165,0.03861
NU260717P00016000,NU,2026-07-17,16.00,put,0.00,1.29,1.16,1410,1.43,2718,0,69,2026-02-04,0.42462,-0.33836,0.07573,-0.00472,0.04160,-0.03143
NU260717C00017000,NU,2026-07-17,17.00,call,1.99,2.06,1.95,729,2.18,3106,31,473,2026-02-04,0.42462,0.58055,0.08091,-0.00657,0.04445,0.03495
NU260717P00017000,NU,2026-07-17,17.00,put,1.58,1.72,1.60,1360,1.84,1791,1,166,2026-02-04,0.41487,-0.42016,0.08285,-0.00477,0.04446,-0.03960
NU260717C00018000,NU,2026-07-17,18.00,call,1.63,1.64,1.50,839,1.78,4200,196,1395,2026-02-04,0.42462,0.50075,0.08260,-0.00660,0.04537,0.03077
NU260717P00018000,NU,2026-07-17,18.00,put,0.00,2.26,2.14,936,2.38,1378,0,15,2026-02-04,0.41487,-0.50186,0.08455,-0.00470,0.04537,-0.04832
NU260717C00019000,NU,2026-07-17,19.00,call,1.28,1.24,1.14,911,1.34,2973,7,486,2026-02-04,0.41487,0.42086,0.08288,-0.00625,0.04448,0.02644
NU260717P00019000,NU,2026-07-17,19.00,put,0.00,2.94,2.78,928,3.10,2100,0,182,2026-02-04,0.42462,-0.57482,0.08115,-0.00454,0.04457,-0.05691
NU260717C00020000,NU,2026-07-17,20.00,call,0.95,0.91,0.84,2763,0.97,1331,20,462,2026-02-04,0.40511,0.34437,0.07991,-0.00570,0.04188,0.02206
NU260717P00020000,NU,2026-07-17,20.00,put,0.00,3.65,3.50,778,3.80,1590,0,5,2026-02-04,0.42462,-0.64409,0.07715,-0.00406,0.04238,-0.06531
NU260717C00021000,NU,2026-07-17,21.00,call,0.73,0.72,0.63,2741,0.81,2492,71,650,2026-02-04,0.40511,0.28069,0.07314,-0.00517,0.03833,0.01820
NU260717P00021000,NU,2026-07-17,21.00,put,0.00,4.45,4.30,462,4.60,1330,0,0,2026-02-04,0.43438,-0.69943,0.07044,-0.00364,0.03958,-0.07307
NU260717C00025000,NU,2026-07-17,25.00,call,0.42,0.29,0.18,2603,0.40,4652,0,151,2026-02-04,0.43438,0.13063,0.04296,-0.00341,0.02414,0.00865
NU260717P00025000,NU,2026-07-17,25.00,put,0.00,7.55,6.85,285,8.25,228,0,0,2026-02-04,0.01488,-1.00000,0.00000,0.00245,0.00000,-0.10984
NU260717C00030000,NU,2026-07-17,30.00,call,0.05,0.10,0.04,2129,0.15,3887,0,146,2026-02-04,0.46365,0.05240,0.02030,-0.00181,0.01218,0.00352
NU260717P00030000,NU,2026-07-17,30.00,put,0.00,12.80,11.80,165,13.80,170,0,0,2026-02-04,0.58072,-0.88965,0.02853,-0.00103,0.02144,-0.12477
NU260918C00003000,NU,2026-09-18,3.00,call,0.00,14.43,13.55,404,15.30,304,0,0,2026-02-04,1.68313,0.97669,0.00244,-0.00297,0.00738,0.01357
NU260918P00003000,NU,2026-09-18,3.00,put,0.00,0.01,0.00,0,0.40,1170,0,1,2026-02-04,0.90266,-0.00232,0.00060,-0.00019,0.00097,-0.00031
NU260918C00005000,NU,2026-09-18,5.00,call,13.90,12.43,11.45,535,13.40,519,0,4,2026-02-04,1.15631,0.96607,0.00486,-0.00298,0.01009,0.02483
NU260918P00005000,NU,2026-09-18,5.00,put,0.00,0.01,0.00,0,0.07,1181,0,45,2026-02-04,0.63925,-0.00315,0.00112,-0.00017,0.00128,-0.00039
NU260918C00008000,NU,2026-09-18,8.00,call,10.45,9.78,9.05,692,10.50,965,0,43,2026-02-04,0.92217,0.92425,0.01155,-0.00449,0.01910,0.03684
NU260918P00008000,NU,2026-09-18,8.00,put,0.00,0.08,0.04,862,0.12,1597,0,51,2026-02-04,0.56121,-0.02377,0.00745,-0.00088,0.00750,-0.00299
NU260918C00010000,NU,2026-09-18,10.00,call,7.21,7.42,7.30,511,7.55,512,0,64,2026-02-04,0.50267,0.94512,0.01650,-0.00252,0.01487,0.05362
NU260918P00010000,NU,2026-09-18,10.00,put,0.18,0.20,0.15,1171,0.25,2097,5,156,2026-02-04,0.51243,-0.05747,0.01678,-0.00163,0.01542,-0.00729
NU260918C00012000,NU,2026-09-18,12.00,call,5.75,5.75,5.65,1437,5.85,1174,7,542,2026-02-04,0.48316,0.87872,0.03115,-0.00380,0.02699,0.05701
NU260918P00012000,NU,2026-09-18,12.00,put,0.44,0.43,0.39,1052,0.46,285,12,1808,2026-02-04,0.47340,-0.11802,0.03118,-0.00253,0.02648,-0.01513
NU260918C00015000,NU,2026-09-18,15.00,call,3.55,3.55,3.45,2407,3.65,1174,6,1736,2026-02-04,0.44414,0.72599,0.05600,-0.00526,0.04461,0.05441
NU260918P00015000,NU,2026-09-18,15.00,put,1.07,1.17,1.10,1675,1.24,722,1,4639,2026-02-04,0.43438,-0.27210,0.05706,-0.00369,0.04445,-0.03593
NU260918C00017000,NU,2026-09-18,17.00,call,2.42,2.44,2.37,658,2.51,971,63,1705,2026-02-04,0.42462,0.59407,0.06819,-0.00564,0.05194,0.04752
NU260918P00017000,NU,2026-09-18,17.00,put,2.00,2.11,1.94,1223,2.28,2977,60,2090,2026-02-04,0.43438,-0.40506,0.06662,-0.00409,0.05191,-0.05562
NU260918C00020000,NU,2026-09-18,20.00,call,1.38,1.30,1.24,132,1.36,1490,2770,2707,2026-02-04,0.41487,0.39667,0.06938,-0.00528,0.05163,0.03367
NU260918P00020000,NU,2026-09-18,20.00,put,3.90,3.90,3.80,194,4.00,1442,1,268,2026-02-04,0.42462,-0.59807,0.06802,-0.00346,0.05181,-0.08716
NU260918C00022000,NU,2026-09-18,22.00,call,0.86,0.83,0.76,1587,0.90,2396,28,1435,2026-02-04,0.40511,0.28263,0.06233,-0.00446,0.04529,0.02473
NU260918P00022000,NU,2026-09-18,22.00,put,0.00,5.40,5.30,445,5.50,175,0,2,2026-02-04,0.42462,-0.70320,0.06084,-0.00262,0.04634,-0.10751
NU260918C00025000,NU,2026-09-18,25.00,call,0.50,0.43,0.37,1490,0.49,3463,0,801,2026-02-04,0.41487,0.17220,0.04592,-0.00338,0.03417,0.01539
NU260918P00025000,NU,2026-09-18,25.00,put,0.00,8.10,8.00,328,8.20,493,0,2,2026-02-04,0.47340,-0.78389,0.04622,-0.00197,0.03925,-0.13266
NU260918C00027000,NU,2026-09-18,27.00,call,0.30,0.28,0.23,1457,0.32,2636,8,250,2026-02-04,0.41487,0.11875,0.03574,-0.00261,0.02659,0.01076
NU260918P00027000,NU,2026-09-18,27.00,put,0.00,10.03,9.90,273,10.15,250,0,0,2026-02-04,0.53194,-0.79935,0.03937,-0.00206,0.03757,-0.14642
NU260918C00030000,NU,2026-09-18,30.00,call,0.16,0.14,0.11,1543,0.18,2275,1,201,2026-02-04,0.41487,0.06629,0.02317,-0.00168,0.01724,0.00610
NU260918P00030000,NU,2026-09-18,30.00,put,0.00,12.80,11.80,219,13.80,219,0,0,2026-02-04,0.55145,-0.85021,0.03154,-0.00109,0.03120,-0.16879
NU261218C00003000,NU,2026-12-18,3.00,call,15.14,14.15,12.65,462,15.65,736,0,2,2026-02-04,0.90266,0.99416,0.00116,-0.00065,0.00263,0.02407
NU261218P00003000,NU,2026-12-18,3.00,put,0.00,0.01,0.00,0,0.59,2003,0,0,2026-02-04,0.76608,-0.00231,0.00059,-0.00013,0.00115,-0.00043
NU261218C00005000,NU,2026-12-18,5.00,call,0.00,12.88,11.55,342,14.20,217,0,0,2026-02-04,1.26363,0.95112,0.00505,-0.00353,0.01606,0.02877
NU261218P00005000,NU,2026-12-18,5.00,put,0.00,0.01,0.00,0,0.26,1428,0,112,2026-02-04,0.55145,-0.00345,0.00118,-0.00014,0.00164,-0.00060
NU261218C00008000,NU,2026-12-18,8.00,call,9.70,9.68,8.70,922,10.65,907,0,63,2026-02-04,0.70754,0.93607,0.01115,-0.00284,0.01985,0.05426
NU261218P00008000,NU,2026-12-18,8.00,put,0.00,0.20,0.04,2728,0.37,2847,0,1113,2026-02-04,0.58072,-0.04235,0.00980,-0.00122,0.01432,-0.00797
NU261218C00010000,NU,2026-12-18,10.00,call,9.15,7.90,6.95,2439,8.85,2403,0,828,2026-02-04,0.60023,0.90094,0.01831,-0.00336,0.02765,0.06450
NU261218P00010000,NU,2026-12-18,10.00,put,0.00,0.34,0.28,806,0.40,900,0,131,2026-02-04,0.50267,-0.07537,0.01782,-0.00163,0.02254,-0.01400
NU261218C00013000,NU,2026-12-18,13.00,call,5.43,5.50,4.65,2217,6.35,2178,2,37,2026-02-04,0.50267,0.80972,0.03407,-0.00424,0.04308,0.07204
NU261218P00013000,NU,2026-12-18,13.00,put,0.00,0.91,0.82,2806,0.99,2144,0,2415,2026-02-04,0.46365,-0.18068,0.03576,-0.00265,0.04172,-0.03450
NU261218C00015000,NU,2026-12-18,15.00,call,4.32,4.22,3.95,1859,4.50,1985,2,15,2026-02-04,0.48316,0.71767,0.04410,-0.00488,0.05361,0.06942
NU261218P00015000,NU,2026-12-18,15.00,put,1.56,1.65,1.49,2206,1.80,4091,4,2741,2026-02-04,0.46365,-0.28042,0.04581,-0.00327,0.05343,-0.05561
NU261218C00017000,NU,2026-12-18,17.00,call,3.08,3.03,2.96,918,3.10,651,3,838,2026-02-04,0.44414,0.61263,0.05436,-0.00499,0.06074,0.06425
NU261218P00017000,NU,2026-12-18,17.00,put,0.00,2.51,2.32,1901,2.70,2881,0,566,2026-02-04,0.45389,-0.38629,0.05315,-0.00344,0.06069,-0.07915
NU261218C00020000,NU,2026-12-18,20.00,call,1.97,1.90,1.76,1931,2.04,2802,24,468,2026-02-04,0.43438,0.45301,0.05750,-0.00489,0.06284,0.05058
NU261218P00020000,NU,2026-12-18,20.00,put,0.00,4.28,4.10,2360,4.45,1514,0,1670,2026-02-04,0.44414,-0.54240,0.05631,-0.00306,0.06292,-0.11757
NU261218C00022000,NU,2026-12-18,22.00,call,1.68,1.50,1.23,2706,1.77,4160,0,415,2026-02-04,0.45389,0.37429,0.05264,-0.00479,0.06011,0.04232
NU261218P00022000,NU,2026-12-18,22.00,put,5.76,5.85,5.55,727,6.15,2134,1,2,2026-02-04,0.46365,-0.61973,0.05179,-0.00278,0.06041,-0.14243
NU261218C00025000,NU,2026-12-18,25.00,call,0.85,0.91,0.72,2842,1.10,5114,41,368,2026-02-04,0.44414,0.25927,0.04598,-0.00395,0.05137,0.03044
NU261218P00025000,NU,2026-12-18,25.00,put,0.00,8.05,7.20,994,8.90,793,0,0,2026-02-04,0.43438,-0.74835,0.04628,-0.00139,0.05058,-0.18062
NU261218C00027000,NU,2026-12-18,27.00,call,0.94,0.68,0.49,2884,0.86,5575,0,174,2026-02-04,0.44414,0.20283,0.04008,-0.00341,0.04478,0.02419
NU261218P00027000,NU,2026-12-18,27.00,put,0.00,10.00,8.95,739,11.05,889,0,0,2026-02-04,0.48316,-0.76715,0.03990,-0.00140,0.04850,-0.20015
NU261218C00030000,NU,2026-12-18,30.00,call,0.39,0.36,0.29,1635,0.43,1526,24,208,2026-02-04,0.42462,0.12413,0.03041,-0.00235,0.03249,0.01528
NU261218P00030000,NU,2026-12-18,30.00,put,0.00,13.03,11.75,220,14.30,214,0,0,2026-02-04,0.58072,-0.76372,0.03346,-0.00188,0.04889,-0.22621
NU270115C00003000,NU,2027-01-15,3.00,call,15.31,14.25,13.05,858,15.45,1172,0,198,2026-02-04,1.08802,0.98618,0.00196,-0.00117,0.00584,0.02394
NU270115P00003000,NU,2027-01-15,3.00,put,0.00,0.01,0.00,0,0.01,1,0,13,2026-02-04,0.73681,-0.00233,0.00060,-0.00012,0.00121,-0.00047
NU270115C00005000,NU,2027-01-15,5.00,call,13.20,12.35,11.15,1037,13.55,1087,0,320,2026-02-04,0.81486,0.97647,0.00412,-0.00151,0.00919,0.04035
NU270115P00005000,NU,2027-01-15,5.00,put,0.00,0.01,0.00,0,0.27,4107,0,219,2026-02-04,0.52218,-0.00312,0.00110,-0.00011,0.00157,-0.00059
NU270115C00008000,NU,2027-01-15,8.00,call,10.40,9.52,9.20,2677,9.85,2740,0,3359,2026-02-04,0.58072,0.95356,0.01012,-0.00202,0.01609,0.06340
NU270115P00008000,NU,2027-01-15,8.00,put,0.00,0.14,0.08,4802,0.20,1366,0,3442,2026-02-04,0.51243,-0.03336,0.00876,-0.00084,0.01229,-0.00664
NU270115C00010000,NU,2027-01-15,10.00,call,7.78,7.72,7.50,2683,7.95,2437,63,11428,2026-02-04,0.49292,0.92236,0.01782,-0.00251,0.02405,0.07551
NU270115P00010000,NU,2027-01-15,10.00,put,0.42,0.38,0.33,1535,0.42,1991,5,24448,2026-02-04,0.50267,-0.08032,0.01793,-0.00162,0.02467,-0.01647
NU270115C00012000,NU,2027-01-15,12.00,call,6.20,6.25,6.05,2452,6.45,2771,306,9730,2026-02-04,0.50267,0.84847,0.02822,-0.00365,0.03884,0.07735
NU270115P00012000,NU,2027-01-15,12.00,put,0.74,0.74,0.68,1587,0.79,2312,23,25704,2026-02-04,0.48316,-0.14637,0.02869,-0.00233,0.03795,-0.03070
NU270115C00015000,NU,2027-01-15,15.00,call,4.26,4.25,4.15,10,4.35,1982,401,17603,2026-02-04,0.46365,0.71971,0.04390,-0.00454,0.05573,0.07564
NU270115P00015000,NU,2027-01-15,15.00,put,1.70,1.62,1.49,3114,1.75,2616,2,52912,2026-02-04,0.44414,-0.27821,0.04566,-0.00294,0.05553,-0.05998
NU270115C00017000,NU,2027-01-15,17.00,call,3.16,3.25,3.05,1365,3.45,3734,396,64409,2026-02-04,0.45389,0.61840,0.05076,-0.00488,0.06308,0.06898
NU270115P00017000,NU,2027-01-15,17.00,put,2.53,2.49,2.37,2599,2.60,10,11,10256,2026-02-04,0.43438,-0.38384,0.05313,-0.00308,0.06320,-0.08546
NU270115C00020000,NU,2027-01-15,20.00,call,2.00,1.98,1.92,206,2.05,2123,533,34545,2026-02-04,0.42462,0.45975,0.05649,-0.00463,0.06568,0.05546
NU270115P00020000,NU,2027-01-15,20.00,put,4.35,4.40,4.15,1811,4.65,2746,7,4002,2026-02-04,0.44414,-0.53112,0.05412,-0.00290,0.06581,-0.12693
NU270115C00022000,NU,2027-01-15,22.00,call,1.46,1.46,1.36,2241,1.56,2775,22,24809,2026-02-04,0.42462,0.36997,0.05373,-0.00433,0.06247,0.04585
NU270115P00022000,NU,2027-01-15,22.00,put,0.00,5.80,5.60,1113,6.00,1417,0,46,2026-02-04,0.44414,-0.61746,0.05191,-0.00244,0.06313,-0.15420
NU270115C00025000,NU,2027-01-15,25.00,call,0.90,0.89,0.85,5,0.93,718,129,15503,2026-02-04,0.42462,0.26057,0.04622,-0.00366,0.05373,0.03330
NU270115P00025000,NU,2027-01-15,25.00,put,0.00,7.88,7.25,1854,8.50,1304,0,2,2026-02-04,0.39536,-0.76381,0.04710,-0.00084,0.05099,-0.19748
NU270115C00027000,NU,2027-01-15,27.00,call,0.66,0.64,0.60,3,0.67,18,73,7111,2026-02-04,0.41487,0.19570,0.04025,-0.00302,0.04572,0.02558
NU270115P00027000,NU,2027-01-15,27.00,put,0.00,9.85,8.95,1011,10.75,1089,0,1,2026-02-04,0.44414,-0.78027,0.04026,-0.00085,0.04896,-0.21843
NU270115C00030000,NU,2027-01-15,30.00,call,0.43,0.41,0.37,1184,0.45,1377,2318,23967,2026-02-04,0.42462,0.13935,0.03158,-0.00245,0.03671,0.01844
NU270115P00030000,NU,2027-01-15,30.00,put,0.00,13.40,11.75,404,15.05,414,0,0,2026-02-04,0.63925,-0.70743,0.03249,-0.00273,0.05687,-0.24068
NU271217C00003000,NU,2027-12-17,3.00,call,14.55,14.65,13.00,458,16.30,459,0,82,2026-02-04,1.06851,0.97533,0.00233,-0.00125,0.01344,0.03627
NU271217P00003000,NU,2027-12-17,3.00,put,0.00,0.01,0.00,0,0.49,863,0,5,2026-02-04,0.53194,-0.00222,0.00056,-0.00006,0.00162,-0.00089
NU271217C00005000,NU,2027-12-17,5.00,call,13.75,12.75,10.50,1499,15.00,1363,0,695,2026-02-04,0.74657,0.96227,0.00473,-0.00141,0.01910,0.06762
NU271217P00005000,NU,2027-12-17,5.00,put,0.00,0.11,0.05,1366,0.18,873,0,283,2026-02-04,0.55145,-0.01817,0.00348,-0.00038,0.01038,-0.00786
NU271217C00008000,NU,2027-12-17,8.00,call,9.65,10.05,9.65,2415,10.45,2245,1,1011,2026-02-04,0.53194,0.93265,0.01054,-0.00176,0.03030,0.10866
NU271217P00008000,NU,2027-12-17,8.00,put,0.00,0.51,0.33,1572,0.68,1523,0,365,2026-02-04,0.53194,-0.06735,0.01054,-0.00102,0.03030,-0.03080
NU271217C00010000,NU,2027-12-17,10.00,call,8.50,8.45,8.25,2126,8.65,804,36,3762,2026-02-04,0.47340,0.89449,0.01658,-0.00215,0.04242,0.12676
NU271217P00010000,NU,2027-12-17,10.00,put,0.84,0.77,0.57,2390,0.97,1451,10,469,2026-02-04,0.47340,-0.10551,0.01658,-0.00122,0.04242,-0.04757
NU271217C00012000,NU,2027-12-17,12.00,call,7.10,6.72,6.00,2555,7.45,1886,56,3166,2026-02-04,0.39536,0.85151,0.02520,-0.00234,0.05384,0.14486
NU271217P00012000,NU,2027-12-17,12.00,put,1.40,1.41,0.93,3841,1.89,3132,12,3817,2026-02-04,0.48316,-0.16792,0.02235,-0.00164,0.05837,-0.07973
NU271217C00015000,NU,2027-12-17,15.00,call,5.67,5.47,5.25,1454,5.70,1101,5,4105,2026-02-04,0.45389,0.73346,0.03113,-0.00325,0.07637,0.13109
NU271217P00015000,NU,2027-12-17,15.00,put,0.00,2.88,2.07,3335,3.70,2503,0,1289,2026-02-04,0.51243,-0.26517,0.02750,-0.00213,0.07617,-0.13829
NU271217C00017000,NU,2027-12-17,17.00,call,4.59,4.83,4.40,608,5.25,1646,28,1134,2026-02-04,0.48316,0.66810,0.03232,-0.00364,0.08439,0.12176
NU271217P00017000,NU,2027-12-17,17.00,put,0.00,3.79,2.94,2632,4.65,2017,0,659,2026-02-04,0.49292,-0.33024,0.03161,-0.00211,0.08422,-0.17559
NU271217C00020000,NU,2027-12-17,20.00,call,3.50,3.37,2.88,3007,3.85,2437,131,1266,2026-02-04,0.43438,0.55535,0.03912,-0.00353,0.09185,0.11326
NU271217P00020000,NU,2027-12-17,20.00,put,0.00,6.25,4.50,1387,8.00,1235,0,111,2026-02-04,0.57096,-0.39352,0.02898,-0.00245,0.08942,-0.24227
NU271217C00025000,NU,2027-12-17,25.00,call,2.25,2.17,1.90,2534,2.45,2797,92,3177,2026-02-04,0.43438,0.40637,0.03841,-0.00335,0.09018,0.08856
NU271217P00025000,NU,2027-12-17,25.00,put,0.00,9.47,7.95,1162,11.00,1079,0,51,2026-02-04,0.54169,-0.52308,0.03163,-0.00185,0.09259,-0.34321
NU271217C00030000,NU,2027-12-17,30.00,call,1.45,1.42,1.06,2848,1.77,3135,0,263,2026-02-04,0.43438,0.29316,0.03407,-0.00291,0.07998,0.06677
NU271217P00030000,NU,2027-12-17,30.00,put,0.00,13.03,12.05,633,14.00,581,0,0,2026-02-04,0.50267,-0.64925,0.03172,-0.00078,0.08618,-0.44854
NU271217C00035000,NU,2027-12-17,35.00,call,0.79,0.70,0.37,1649,1.03,1312,0,11,2026-02-04,0.39536,0.17380,0.02792,-0.00196,0.05967,0.04242
NU271217P00035000,NU,2027-12-17,35.00,put,0.00,17.73,15.50,259,19.95,257,0,0,2026-02-04,0.58072,-0.66519,0.02698,-0.00071,0.08468,-0.54226
NU280121C00003000,NU,2028-01-21,3.00,call,15.55,14.82,13.15,400,16.50,402,0,32,2026-02-04,1.15631,0.97293,0.00227,-0.00138,0.01489,0.03399
NU280121P00003000,NU,2028-01-21,3.00,put,0.00,0.01,0.00,0,0.87,313,0,2,2026-02-04,0.52218,-0.00228,0.00057,-0.00006,0.00170,-0.00097
NU280121C00005000,NU,2028-01-21,5.00,call,12.15,13.05,11.10,1477,15.00,1380,0,305,2026-02-04,0.86364,0.95318,0.00475,-0.00172,0.02333,0.06207
NU280121P00005000,NU,2028-01-21,5.00,put,0.00,0.19,0.01,2301,0.37,1905,0,49,2026-02-04,0.60023,-0.02486,0.00407,-0.00052,0.01387,-0.01196
NU280121C00008000,NU,2028-01-21,8.00,call,10.05,10.10,9.85,1085,10.35,2493,95,502,2026-02-04,0.53194,0.93079,0.01050,-0.00175,0.03173,0.11241
NU280121P00008000,NU,2028-01-21,8.00,put,0.00,0.45,0.36,2406,0.53,134,0,45,2026-02-04,0.50267,-0.06354,0.01040,-0.00089,0.02969,-0.03004
NU280121C00010000,NU,2028-01-21,10.00,call,8.55,8.65,8.40,1294,8.90,2518,126,618,2026-02-04,0.50267,0.88663,0.01603,-0.00225,0.04580,0.12660
NU280121P00010000,NU,2028-01-21,10.00,put,0.00,0.91,0.82,1568,0.99,1424,0,178,2026-02-04,0.50267,-0.11337,0.01603,-0.00132,0.04580,-0.05605
NU280121C00013000,NU,2028-01-21,13.00,call,6.70,7.20,6.50,2173,7.90,2688,10,520,2026-02-04,0.55145,0.79602,0.02155,-0.00323,0.06753,0.12394
NU280121P00013000,NU,2028-01-21,13.00,put,1.68,1.77,1.57,3007,1.96,1967,1,50324,2026-02-04,0.47340,-0.19889,0.02473,-0.00168,0.06651,-0.10152
NU280121C00015000,NU,2028-01-21,15.00,call,6.24,5.83,5.45,1842,6.20,2579,0,1510,2026-02-04,0.48316,0.73584,0.02839,-0.00330,0.07795,0.13194
NU280121P00015000,NU,2028-01-21,15.00,put,0.00,2.51,2.08,3302,2.94,2488,0,691,2026-02-04,0.45389,-0.26470,0.03026,-0.00177,0.07804,-0.13773
NU280121C00017000,NU,2028-01-21,17.00,call,4.80,4.70,4.50,2138,4.90,1544,155,1540,2026-02-04,0.45389,0.66714,0.03359,-0.00341,0.08663,0.13019
NU280121P00017000,NU,2028-01-21,17.00,put,3.65,3.27,2.84,3224,3.70,1,26,358,2026-02-04,0.42462,-0.33746,0.03609,-0.00168,0.08709,-0.17686
NU280121C00020000,NU,2028-01-21,20.00,call,3.60,3.60,3.50,1,3.70,882,40,2525,2026-02-04,0.44414,0.56609,0.03716,-0.00351,0.09379,0.11848
NU280121P00020000,NU,2028-01-21,20.00,put,0.00,5.45,4.80,2733,6.10,2205,0,181,2026-02-04,0.47340,-0.42235,0.03468,-0.00182,0.09329,-0.24833
NU280121C00022000,NU,2028-01-21,22.00,call,3.20,3.18,2.51,2954,3.85,2755,60,955,2026-02-04,0.45389,0.51055,0.03686,-0.00357,0.09507,0.10896
NU280121P00022000,NU,2028-01-21,22.00,put,0.00,6.80,5.95,2523,7.65,1943,0,25,2026-02-04,0.47340,-0.47921,0.03530,-0.00165,0.09497,-0.29308
NU280121C00025000,NU,2028-01-21,25.00,call,2.30,2.26,2.02,2771,2.50,2540,10,850,2026-02-04,0.43438,0.41667,0.03768,-0.00330,0.09302,0.09427
NU280121P00025000,NU,2028-01-21,25.00,put,0.00,8.85,8.10,1301,9.60,1023,0,102,2026-02-04,0.46365,-0.56255,0.03565,-0.00121,0.09393,-0.36078
NU280121C00027000,NU,2028-01-21,27.00,call,1.81,1.90,1.70,2651,2.11,2521,25,121,2026-02-04,0.43438,0.36809,0.03640,-0.00316,0.08985,0.08494
NU280121P00027000,NU,2028-01-21,27.00,put,0.00,11.05,9.60,1107,12.50,965,0,11,2026-02-04,0.54169,-0.55360,0.03062,-0.00152,0.09424,-0.40151
NU280121C00030000,NU,2028-01-21,30.00,call,1.61,1.58,1.28,2648,1.88,3028,0,1622,2026-02-04,0.44414,0.31370,0.03349,-0.00300,0.08453,0.07345
NU280121P00030000,NU,2028-01-21,30.00,put,0.00,12.90,12.05,917,13.75,852,0,9,2026-02-04,0.49292,-0.64521,0.03168,-0.00067,0.08873,-0.46907
NU280121C00035000,NU,2028-01-21,35.00,call,0.99,0.93,0.80,1897,1.05,2048,11,6142,2026-02-04,0.42462,0.21335,0.02874,-0.00232,0.06934,0.05263
NU280121P00035000,NU,2028-01-21,35.00,put,0.00,18.05,16.50,252,19.60,249,0,0,2026-02-04,0.60999,-0.63048,0.02596,-0.00096,0.08997,-0.56413
